Economy Name,Economy Code,Series Name,Series Code,2017 [YR2017],2018 [YR2018],2019 [YR2019],2020 [YR2020]
Afghanistan,AFG,Starting a business - Score,IC.REG.STRT.BUS.DFRN,90.35477,82.55461,92.0413,91.99116
Afghanistan,AFG,Global: Ease of doing business score (DB17-20 methodology),IC.BUS.EASE.DFRN.XQ.DB1719,38.93563,37.13062,44.20343,44.06497
Afghanistan,AFG,Enforcing contracts (DB17-20 methodology) - Score,ENF.CONT.COEN.DB1719.DFRN,31.75645,31.75645,31.75645,31.75645
Afghanistan,AFG,Getting Credit total score (DB15-20 methodology),IC.CRED.ACC.ACES.DB1519,9,9,10,10
Albania,ALB,Starting a business - Score,IC.REG.STRT.BUS.DFRN,91.42736,91.48908,91.70203,91.75909
Albania,ALB,Global: Ease of doing business score (DB17-20 methodology),IC.BUS.EASE.DFRN.XQ.DB1719,64.16093,66.8377,66.99561,67.74847
Albania,ALB,Enforcing contracts (DB17-20 methodology) - Score,ENF.CONT.COEN.DB1719.DFRN,54.30126,54.33875,53.51698,53.51698
Albania,ALB,Getting Credit total score (DB15-20 methodology),IC.CRED.ACC.ACES.DB1519,12,14,14,14
Algeria,DZA,Starting a business - Score,IC.REG.STRT.BUS.DFRN,78.04054,77.86347,77.94755,78.01386
Algeria,DZA,Global: Ease of doing business score (DB17-20 methodology),IC.BUS.EASE.DFRN.XQ.DB1719,46.10981,46.22686,48.49803,48.59758
Algeria,DZA,Enforcing contracts (DB17-20 methodology) - Score,ENF.CONT.COEN.DB1719.DFRN,54.78094,54.78094,54.78094,54.78094
Algeria,DZA,Getting Credit total score (DB15-20 methodology),IC.CRED.ACC.ACES.DB1519,2,2,2,2
Angola,AGO,Starting a business - Score,IC.REG.STRT.BUS.DFRN,79.66646,78.61719,79.04553,79.4006
Angola,AGO,Global: Ease of doing business score (DB17-20 methodology),IC.BUS.EASE.DFRN.XQ.DB1719,37.65132,39.00774,41.20205,41.28838
Angola,AGO,Enforcing contracts (DB17-20 methodology) - Score,ENF.CONT.COEN.DB1719.DFRN,27.18435,28.11028,28.11028,28.11028
Angola,AGO,Getting Credit total score (DB15-20 methodology),IC.CRED.ACC.ACES.DB1519,1,1,1,1
Antigua and Barbuda,ATG,Starting a business - Score,IC.REG.STRT.BUS.DFRN,81.67003,81.69687,81.7462,82.58503
Antigua and Barbuda,ATG,Global: Ease of doing business score (DB17-20 methodology),IC.BUS.EASE.DFRN.XQ.DB1719,58.80632,59.79669,59.85514,60.28342
Antigua and Barbuda,ATG,Enforcing contracts (DB17-20 methodology) - Score,ENF.CONT.COEN.DB1719.DFRN,68.11245,68.11245,68.11245,68.11245
Antigua and Barbuda,ATG,Getting Credit total score (DB15-20 methodology),IC.CRED.ACC.ACES.DB1519,5,5,5,5
Argentina,ARG,Starting a business - Score,IC.REG.STRT.BUS.DFRN,73.50675,73.55496,81.99463,80.43345
Argentina,ARG,Global: Ease of doing business score (DB17-20 methodology),IC.BUS.EASE.DFRN.XQ.DB1719,57.2443,57.31005,58.18388,58.96151
Argentina,ARG,Enforcing contracts (DB17-20 methodology) - Score,ENF.CONT.COEN.DB1719.DFRN,55.65691,55.65691,55.65691,57.50876
Argentina,ARG,Getting Credit total score (DB15-20 methodology),IC.CRED.ACC.ACES.DB1519,10,10,10,10
Armenia,ARM,Starting a business - Score,IC.REG.STRT.BUS.DFRN,94.34602,94.34797,96.08176,96.08549
Armenia,ARM,Global: Ease of doing business score (DB17-20 methodology),IC.BUS.EASE.DFRN.XQ.DB1719,70.63154,71.49433,73.19187,74.49401
Armenia,ARM,Enforcing contracts (DB17-20 methodology) - Score,ENF.CONT.COEN.DB1719.DFRN,66.00242,66.00242,69.70613,69.70613
Armenia,ARM,Getting Credit total score (DB15-20 methodology),IC.CRED.ACC.ACES.DB1519,14,14,14,14
Australia,AUS,Starting a business - Score,IC.REG.STRT.BUS.DFRN,96.46901,96.46932,96.47005,96.59675
Australia,AUS,Global: Ease of doing business score (DB17-20 methodology),IC.BUS.EASE.DFRN.XQ.DB1719,80.22369,80.76007,80.70552,81.21506
Australia,AUS,Enforcing contracts (DB17-20 methodology) - Score,ENF.CONT.COEN.DB1719.DFRN,79.00404,79.00404,79.00404,79.00404
Australia,AUS,Getting Credit total score (DB15-20 methodology),IC.CRED.ACC.ACES.DB1519,18,18,18,19
Austria,AUT,Starting a business - Score,IC.REG.STRT.BUS.DFRN,83.09883,83.13357,83.20737,83.24964
Austria,AUT,Global: Ease of doing business score (DB17-20 methodology),IC.BUS.EASE.DFRN.XQ.DB1719,78.85646,78.70694,78.73995,78.74549
Austria,AUT,Enforcing contracts (DB17-20 methodology) - Score,ENF.CONT.COEN.DB1719.DFRN,75.4859,75.4859,75.4859,75.4859
Austria,AUT,Getting Credit total score (DB15-20 methodology),IC.CRED.ACC.ACES.DB1519,11,11,11,11
Azerbaijan,AZE,Starting a business - Score,IC.REG.STRT.BUS.DFRN,96.0683,96.11055,96.13986,96.15716
Azerbaijan,AZE,Global: Ease of doing business score (DB17-20 methodology),IC.BUS.EASE.DFRN.XQ.DB1719,64.25089,66.82696,73.5854,76.70888
Azerbaijan,AZE,Enforcing contracts (DB17-20 methodology) - Score,ENF.CONT.COEN.DB1719.DFRN,63.81124,65.6631,65.6631,70.29273
Azerbaijan,AZE,Getting Credit total score (DB15-20 methodology),IC.CRED.ACC.ACES.DB1519,8,8,16,20
"Bahamas, The",BHS,Starting a business - Score,IC.REG.STRT.BUS.DFRN,82.70832,84.17814,84.47192,87.03235
"Bahamas, The",BHS,Global: Ease of doing business score (DB17-20 methodology),IC.BUS.EASE.DFRN.XQ.DB1719,56.94715,58.61968,59.38844,59.87155
"Bahamas, The",BHS,Enforcing contracts (DB17-20 methodology) - Score,ENF.CONT.COEN.DB1719.DFRN,59.07081,59.07081,59.07081,59.07081
"Bahamas, The",BHS,Getting Credit total score (DB15-20 methodology),IC.CRED.ACC.ACES.DB1519,6,6,6,6
Bahrain,BHR,Starting a business - Score,IC.REG.STRT.BUS.DFRN,89.54035,89.59339,89.57182,89.59156
Bahrain,BHR,Global: Ease of doing business score (DB17-20 methodology),IC.BUS.EASE.DFRN.XQ.DB1719,68.7147,69.09366,70.13951,76.02665
Bahrain,BHR,Enforcing contracts (DB17-20 methodology) - Score,ENF.CONT.COEN.DB1719.DFRN,53.60279,57.3065,57.3065,63.78798
Bahrain,BHR,Getting Credit total score (DB15-20 methodology),IC.CRED.ACC.ACES.DB1519,9,9,9,11
Bangladesh,BGD,Starting a business - Score,IC.REG.STRT.BUS.DFRN,81.50748,80.59858,80.81592,82.36901
Bangladesh,BGD,Global: Ease of doing business score (DB17-20 methodology),IC.BUS.EASE.DFRN.XQ.DB1719,41.01625,41.5632,42.46602,45.04865
Bangladesh,BGD,Enforcing contracts (DB17-20 methodology) - Score,ENF.CONT.COEN.DB1719.DFRN,22.21285,22.21285,22.21285,22.21285
Bangladesh,BGD,Getting Credit total score (DB15-20 methodology),IC.CRED.ACC.ACES.DB1519,5,5,5,9
Barbados,BRB,Starting a business - Score,IC.REG.STRT.BUS.DFRN,86.3207,86.3312,86.37139,86.36698
Barbados,BRB,Global: Ease of doing business score (DB17-20 methodology),IC.BUS.EASE.DFRN.XQ.DB1719,57.76071,57.67127,57.6745,57.90615
Barbados,BRB,Enforcing contracts (DB17-20 methodology) - Score,ENF.CONT.COEN.DB1719.DFRN,38.02129,38.02129,38.02129,38.94721
Barbados,BRB,Getting Credit total score (DB15-20 methodology),IC.CRED.ACC.ACES.DB1519,6,6,6,6
Belarus,BLR,Starting a business - Score,IC.REG.STRT.BUS.DFRN,91.90171,91.90534,93.38854,93.52188
Belarus,BLR,Global: Ease of doing business score (DB17-20 methodology),IC.BUS.EASE.DFRN.XQ.DB1719,72.62337,73.57749,74.35306,74.29113
Belarus,BLR,Enforcing contracts (DB17-20 methodology) - Score,ENF.CONT.COEN.DB1719.DFRN,67.58417,67.58417,67.58417,67.58417
Belarus,BLR,Getting Credit total score (DB15-20 methodology),IC.CRED.ACC.ACES.DB1519,8,10,10,10
Belgium,BEL,Starting a business - Score,IC.REG.STRT.BUS.DFRN,91.42398,91.36046,91.43473,92.32017
Belgium,BEL,Global: Ease of doing business score (DB17-20 methodology),IC.BUS.EASE.DFRN.XQ.DB1719,72.4092,72.18146,74.74503,74.98904
Belgium,BEL,Enforcing contracts (DB17-20 methodology) - Score,ENF.CONT.COEN.DB1719.DFRN,64.25069,64.25069,64.25069,64.25069
Belgium,BEL,Getting Credit total score (DB15-20 methodology),IC.CRED.ACC.ACES.DB1519,9,9,13,13
Belize,BLZ,Starting a business - Score,IC.REG.STRT.BUS.DFRN,73.22817,71.98019,71.96649,72.01481
Belize,BLZ,Global: Ease of doing business score (DB17-20 methodology),IC.BUS.EASE.DFRN.XQ.DB1719,55.36968,55.27374,55.28901,55.47444
Belize,BLZ,Enforcing contracts (DB17-20 methodology) - Score,ENF.CONT.COEN.DB1719.DFRN,50.11487,50.11487,50.11487,50.11487
Belize,BLZ,Getting Credit total score (DB15-20 methodology),IC.CRED.ACC.ACES.DB1519,4,4,4,4
Benin,BEN,Starting a business - Score,IC.REG.STRT.BUS.DFRN,90.56477,90.57881,90.59883,90.62417
Benin,BEN,Global: Ease of doing business score (DB17-20 methodology),IC.BUS.EASE.DFRN.XQ.DB1719,49.72104,51.57576,51.71272,52.40404
Benin,BEN,Enforcing contracts (DB17-20 methodology) - Score,ENF.CONT.COEN.DB1719.DFRN,36.34269,36.34269,37.26862,41.50359
Benin,BEN,Getting Credit total score (DB15-20 methodology),IC.CRED.ACC.ACES.DB1519,6,6,6,6
Bhutan,BTN,Starting a business - Score,IC.REG.STRT.BUS.DFRN,85.58816,86.32791,86.38179,86.35499
Bhutan,BTN,Global: Ease of doing business score (DB17-20 methodology),IC.BUS.EASE.DFRN.XQ.DB1719,64.99022,65.7664,65.96848,65.97305
Bhutan,BTN,Enforcing contracts (DB17-20 methodology) - Score,ENF.CONT.COEN.DB1719.DFRN,67.21093,69.98871,69.98871,69.98871
Bhutan,BTN,Getting Credit total score (DB15-20 methodology),IC.CRED.ACC.ACES.DB1519,10,11,11,11
Bolivia,BOL,Starting a business - Score,IC.REG.STRT.BUS.DFRN,63.48932,67.8197,69.12483,69.36413
Bolivia,BOL,Global: Ease of doing business score (DB17-20 methodology),IC.BUS.EASE.DFRN.XQ.DB1719,50.2251,50.97713,51.5617,51.65574
Bolivia,BOL,Enforcing contracts (DB17-20 methodology) - Score,ENF.CONT.COEN.DB1719.DFRN,55.57259,55.57259,55.57259,55.57259
Bolivia,BOL,Getting Credit total score (DB15-20 methodology),IC.CRED.ACC.ACES.DB1519,7,7,7,7
Bosnia and Herzegovina,BIH,Starting a business - Score,IC.REG.STRT.BUS.DFRN,58.68425,59.62155,59.82337,60.03444
Bosnia and Herzegovina,BIH,Global: Ease of doing business score (DB17-20 methodology),IC.BUS.EASE.DFRN.XQ.DB1719,64.83564,65.24652,65.37254,65.44253
Bosnia and Herzegovina,BIH,Enforcing contracts (DB17-20 methodology) - Score,ENF.CONT.COEN.DB1719.DFRN,57.8203,57.8203,57.8203,57.8203
Bosnia and Herzegovina,BIH,Getting Credit total score (DB15-20 methodology),IC.CRED.ACC.ACES.DB1519,13,13,13,13
Botswana,BWA,Starting a business - Score,IC.REG.STRT.BUS.DFRN,76.20621,76.21769,76.22266,76.22695
Botswana,BWA,Global: Ease of doing business score (DB17-20 methodology),IC.BUS.EASE.DFRN.XQ.DB1719,65.64189,65.71078,66.17048,66.1978
Botswana,BWA,Enforcing contracts (DB17-20 methodology) - Score,ENF.CONT.COEN.DB1719.DFRN,49.98989,49.98989,49.98989,49.98989
Botswana,BWA,Getting Credit total score (DB15-20 methodology),IC.CRED.ACC.ACES.DB1519,12,12,12,12
Brazil,BRA,Starting a business - Score,IC.REG.STRT.BUS.DFRN,64.7454,64.79047,80.33913,81.29475
Brazil,BRA,Global: Ease of doing business score (DB17-20 methodology),IC.BUS.EASE.DFRN.XQ.DB1719,55.22357,55.6207,58.59449,59.08307
Brazil,BRA,Enforcing contracts (DB17-20 methodology) - Score,ENF.CONT.COEN.DB1719.DFRN,64.07953,64.07953,64.07953,64.07953
Brazil,BRA,Getting Credit total score (DB15-20 methodology),IC.CRED.ACC.ACES.DB1519,9,9,10,10
Brunei Darussalam,BRN,Starting a business - Score,IC.REG.STRT.BUS.DFRN,86.73184,90.23363,94.9212,94.93346
Brunei Darussalam,BRN,Global: Ease of doing business score (DB17-20 methodology),IC.BUS.EASE.DFRN.XQ.DB1719,62.85225,67.68007,69.63482,70.06387
Brunei Darussalam,BRN,Enforcing contracts (DB17-20 methodology) - Score,ENF.CONT.COEN.DB1719.DFRN,57.24621,60.94991,60.94991,62.80176
Brunei Darussalam,BRN,Getting Credit total score (DB15-20 methodology),IC.CRED.ACC.ACES.DB1519,12,19,20,20
Bulgaria,BGR,Starting a business - Score,IC.REG.STRT.BUS.DFRN,85.35413,85.37178,85.38458,85.39816
Bulgaria,BGR,Global: Ease of doing business score (DB17-20 methodology),IC.BUS.EASE.DFRN.XQ.DB1719,71.59242,71.69407,71.80724,71.97405
Bulgaria,BGR,Enforcing contracts (DB17-20 methodology) - Score,ENF.CONT.COEN.DB1719.DFRN,67.04333,67.04333,67.04333,67.04333
Bulgaria,BGR,Getting Credit total score (DB15-20 methodology),IC.CRED.ACC.ACES.DB1519,13,13,13,13
Burkina Faso,BFA,Starting a business - Score,IC.REG.STRT.BUS.DFRN,88.06001,88.17226,88.0894,88.17363
Burkina Faso,BFA,Global: Ease of doing business score (DB17-20 methodology),IC.BUS.EASE.DFRN.XQ.DB1719,50.92322,51.15106,51.26807,51.40019
Burkina Faso,BFA,Enforcing contracts (DB17-20 methodology) - Score,ENF.CONT.COEN.DB1719.DFRN,40.12635,40.12635,41.05228,41.05228
Burkina Faso,BFA,Getting Credit total score (DB15-20 methodology),IC.CRED.ACC.ACES.DB1519,6,6,6,6
Burundi,BDI,Starting a business - Score,IC.REG.STRT.BUS.DFRN,94.44593,91.93935,93.1144,92.92286
Burundi,BDI,Global: Ease of doing business score (DB17-20 methodology),IC.BUS.EASE.DFRN.XQ.DB1719,45.68405,45.91224,46.47561,46.77393
Burundi,BDI,Enforcing contracts (DB17-20 methodology) - Score,ENF.CONT.COEN.DB1719.DFRN,42.97406,42.97406,42.97406,42.97406
Burundi,BDI,Getting Credit total score (DB15-20 methodology),IC.CRED.ACC.ACES.DB1519,2,2,2,3
Cabo Verde,CPV,Starting a business - Score,IC.REG.STRT.BUS.DFRN,82.00568,81.91441,82.0355,84.46854
Cabo Verde,CPV,Global: Ease of doing business score (DB17-20 methodology),IC.BUS.EASE.DFRN.XQ.DB1719,53.40924,53.98064,54.00831,55.03925
Cabo Verde,CPV,Enforcing contracts (DB17-20 methodology) - Score,ENF.CONT.COEN.DB1719.DFRN,64.83565,64.83565,64.83565,64.83565
Cabo Verde,CPV,Getting Credit total score (DB15-20 methodology),IC.CRED.ACC.ACES.DB1519,7,7,7,7
Cambodia,KHM,Starting a business - Score,IC.REG.STRT.BUS.DFRN,50.91097,51.91078,52.79893,52.42046
Cambodia,KHM,Global: Ease of doing business score (DB17-20 methodology),IC.BUS.EASE.DFRN.XQ.DB1719,53.15749,53.38889,53.7971,53.84483
Cambodia,KHM,Enforcing contracts (DB17-20 methodology) - Score,ENF.CONT.COEN.DB1719.DFRN,31.74863,31.74863,31.74863,31.74863
Cambodia,KHM,Getting Credit total score (DB15-20 methodology),IC.CRED.ACC.ACES.DB1519,16,16,16,16
Cameroon,CMR,Starting a business - Score,IC.REG.STRT.BUS.DFRN,75.27006,82.3881,86.26437,86.27056
Cameroon,CMR,Global: Ease of doing business score (DB17-20 methodology),IC.BUS.EASE.DFRN.XQ.DB1719,41.7675,45.05227,46.00492,46.09974
Cameroon,CMR,Enforcing contracts (DB17-20 methodology) - Score,ENF.CONT.COEN.DB1719.DFRN,38.98544,38.98544,39.91137,39.91137
Cameroon,CMR,Getting Credit total score (DB15-20 methodology),IC.CRED.ACC.ACES.DB1519,7,12,12,12
Canada,CAN,Starting a business - Score,IC.REG.STRT.BUS.DFRN,98.23262,98.23279,98.23479,98.23581
Canada,CAN,Global: Ease of doing business score (DB17-20 methodology),IC.BUS.EASE.DFRN.XQ.DB1719,79.54094,79.30059,79.6798,79.64043
Canada,CAN,Enforcing contracts (DB17-20 methodology) - Score,ENF.CONT.COEN.DB1719.DFRN,53.42467,53.42467,57.12838,57.12838
Canada,CAN,Getting Credit total score (DB15-20 methodology),IC.CRED.ACC.ACES.DB1519,17,17,17,17
Central African Republic,CAF,Starting a business - Score,IC.REG.STRT.BUS.DFRN,33.11042,37.02339,60.89739,63.19125
Central African Republic,CAF,Global: Ease of doing business score (DB17-20 methodology),IC.BUS.EASE.DFRN.XQ.DB1719,31.95495,32.35174,34.83372,35.56585
Central African Republic,CAF,Enforcing contracts (DB17-20 methodology) - Score,ENF.CONT.COEN.DB1719.DFRN,30.46317,30.46317,31.38909,31.38909
Central African Republic,CAF,Getting Credit total score (DB15-20 methodology),IC.CRED.ACC.ACES.DB1519,6,6,6,7
Chad,TCD,Starting a business - Score,IC.REG.STRT.BUS.DFRN,51.91034,50.25947,52.0906,52.51976
Chad,TCD,Global: Ease of doing business score (DB17-20 methodology),IC.BUS.EASE.DFRN.XQ.DB1719,36.00847,35.52606,36.66065,36.93568
Chad,TCD,Enforcing contracts (DB17-20 methodology) - Score,ENF.CONT.COEN.DB1719.DFRN,44.58398,44.58398,45.50991,45.50991
Chad,TCD,Getting Credit total score (DB15-20 methodology),IC.CRED.ACC.ACES.DB1519,6,6,6,6
Chile,CHL,Starting a business - Score,IC.REG.STRT.BUS.DFRN,87.20963,87.20883,89.07767,91.42747
Chile,CHL,Global: Ease of doing business score (DB17-20 methodology),IC.BUS.EASE.DFRN.XQ.DB1719,71.58185,71.951,72.32025,72.58023
Chile,CHL,Enforcing contracts (DB17-20 methodology) - Score,ENF.CONT.COEN.DB1719.DFRN,62.81574,62.81574,64.6676,64.72224
Chile,CHL,Getting Credit total score (DB15-20 methodology),IC.CRED.ACC.ACES.DB1519,11,11,11,11
China,CHN,Starting a business - Score,IC.REG.STRT.BUS.DFRN,84.33891,85.36194,93.41922,94.0921
China,CHN,Global: Ease of doing business score (DB17-20 methodology),IC.BUS.EASE.DFRN.XQ.DB1719,64.63553,65.20491,73.95071,77.9313
China,CHN,Enforcing contracts (DB17-20 methodology) - Score,ENF.CONT.COEN.DB1719.DFRN,78.96848,78.96848,78.96848,80.91292
China,CHN,Getting Credit total score (DB15-20 methodology),IC.CRED.ACC.ACES.DB1519,12,12,12,12
Colombia,COL,Starting a business - Score,IC.REG.STRT.BUS.DFRN,85.30554,85.31542,85.31232,87.02499
Colombia,COL,Global: Ease of doing business score (DB17-20 methodology),IC.BUS.EASE.DFRN.XQ.DB1719,69.1652,69.03524,69.24335,70.05964
Colombia,COL,Enforcing contracts (DB17-20 methodology) - Score,ENF.CONT.COEN.DB1719.DFRN,34.28541,34.28541,34.28541,34.28541
Colombia,COL,Getting Credit total score (DB15-20 methodology),IC.CRED.ACC.ACES.DB1519,18,18,18,18
Comoros,COM,Starting a business - Score,IC.REG.STRT.BUS.DFRN,69.86554,72.00639,72.24836,76.48653
Comoros,COM,Global: Ease of doing business score (DB17-20 methodology),IC.BUS.EASE.DFRN.XQ.DB1719,46.37003,46.87233,47.01396,47.87291
Comoros,COM,Enforcing contracts (DB17-20 methodology) - Score,ENF.CONT.COEN.DB1719.DFRN,32.04614,32.04614,32.97207,32.97207
Comoros,COM,Getting Credit total score (DB15-20 methodology),IC.CRED.ACC.ACES.DB1519,8,8,8,8
"Congo, Dem. Rep.",COD,Starting a business - Score,IC.REG.STRT.BUS.DFRN,84.83986,89.78019,90.24427,91.62606
"Congo, Dem. Rep.",COD,Global: Ease of doing business score (DB17-20 methodology),IC.BUS.EASE.DFRN.XQ.DB1719,34.39028,34.57002,35.23313,36.20973
"Congo, Dem. Rep.",COD,Enforcing contracts (DB17-20 methodology) - Score,ENF.CONT.COEN.DB1719.DFRN,32.35422,32.35422,33.28015,33.28015
"Congo, Dem. Rep.",COD,Getting Credit total score (DB15-20 methodology),IC.CRED.ACC.ACES.DB1519,6,6,6,6
"Congo, Rep.",COG,Starting a business - Score,IC.REG.STRT.BUS.DFRN,58.58386,63.82817,64.09823,65.79674
"Congo, Rep.",COG,Global: Ease of doing business score (DB17-20 methodology),IC.BUS.EASE.DFRN.XQ.DB1719,38.45264,37.86014,38.22684,39.53359
"Congo, Rep.",COG,Enforcing contracts (DB17-20 methodology) - Score,ENF.CONT.COEN.DB1719.DFRN,43.06813,43.06813,43.99406,43.99406
"Congo, Rep.",COG,Getting Credit total score (DB15-20 methodology),IC.CRED.ACC.ACES.DB1519,8,7,7,8
Costa Rica,CRI,Starting a business - Score,IC.REG.STRT.BUS.DFRN,81.57497,81.63021,79.92302,79.914
Costa Rica,CRI,Global: Ease of doing business score (DB17-20 methodology),IC.BUS.EASE.DFRN.XQ.DB1719,67.67937,69.30028,68.83187,69.2383
Costa Rica,CRI,Enforcing contracts (DB17-20 methodology) - Score,ENF.CONT.COEN.DB1719.DFRN,53.33354,53.33354,53.33354,55.18539
Costa Rica,CRI,Getting Credit total score (DB15-20 methodology),IC.CRED.ACC.ACES.DB1519,17,17,17,17
Côte d'Ivoire,CIV,Starting a business - Score,IC.REG.STRT.BUS.DFRN,89.91278,89.99516,93.7042,93.69356
Côte d'Ivoire,CIV,Global: Ease of doing business score (DB17-20 methodology),IC.BUS.EASE.DFRN.XQ.DB1719,50.95707,52.98796,58.34417,60.68796
Côte d'Ivoire,CIV,Enforcing contracts (DB17-20 methodology) - Score,ENF.CONT.COEN.DB1719.DFRN,55.74378,55.74378,55.74378,57.59564
Côte d'Ivoire,CIV,Getting Credit total score (DB15-20 methodology),IC.CRED.ACC.ACES.DB1519,6,6,14,14
Croatia,HRV,Starting a business - Score,IC.REG.STRT.BUS.DFRN,82.46324,82.48987,82.62129,85.28107
Croatia,HRV,Global: Ease of doing business score (DB17-20 methodology),IC.BUS.EASE.DFRN.XQ.DB1719,72.15494,72.60762,72.95462,73.62096
Croatia,HRV,Enforcing contracts (DB17-20 methodology) - Score,ENF.CONT.COEN.DB1719.DFRN,70.59807,70.59807,70.59807,70.59807
Croatia,HRV,Getting Credit total score (DB15-20 methodology),IC.CRED.ACC.ACES.DB1519,11,11,11,10
Cyprus,CYP,Starting a business - Score,IC.REG.STRT.BUS.DFRN,91.20632,91.18953,91.2436,92.03844
Cyprus,CYP,Global: Ease of doing business score (DB17-20 methodology),IC.BUS.EASE.DFRN.XQ.DB1719,72.31415,72.28343,72.77735,73.35105
Cyprus,CYP,Enforcing contracts (DB17-20 methodology) - Score,ENF.CONT.COEN.DB1719.DFRN,48.59379,48.59379,48.59379,48.59379
Cyprus,CYP,Getting Credit total score (DB15-20 methodology),IC.CRED.ACC.ACES.DB1519,12,12,12,12
Czech Republic,CZE,Starting a business - Score,IC.REG.STRT.BUS.DFRN,82.96303,83.54701,82.0852,82.06409
Czech Republic,CZE,Global: Ease of doing business score (DB17-20 methodology),IC.BUS.EASE.DFRN.XQ.DB1719,76.38834,76.42162,76.322,76.34054
Czech Republic,CZE,Enforcing contracts (DB17-20 methodology) - Score,ENF.CONT.COEN.DB1719.DFRN,56.37744,56.37744,56.37744,56.37744
Czech Republic,CZE,Getting Credit total score (DB15-20 methodology),IC.CRED.ACC.ACES.DB1519,14,14,14,14
Denmark,DNK,Starting a business - Score,IC.REG.STRT.BUS.DFRN,92.46917,92.49507,92.51774,92.70453
Denmark,DNK,Global: Ease of doing business score (DB17-20 methodology),IC.BUS.EASE.DFRN.XQ.DB1719,84.59517,84.5806,85.17028,85.28856
Denmark,DNK,Enforcing contracts (DB17-20 methodology) - Score,ENF.CONT.COEN.DB1719.DFRN,68.36545,68.36545,73.921,73.921
Denmark,DNK,Getting Credit total score (DB15-20 methodology),IC.CRED.ACC.ACES.DB1519,14,14,14,14
Djibouti,DJI,Starting a business - Score,IC.REG.STRT.BUS.DFRN,68.28919,80.43147,84.01304,84.29874
Djibouti,DJI,Global: Ease of doing business score (DB17-20 methodology),IC.BUS.EASE.DFRN.XQ.DB1719,47.15118,50.88048,58.38141,60.49674
Djibouti,DJI,Enforcing contracts (DB17-20 methodology) - Score,ENF.CONT.COEN.DB1719.DFRN,43.80093,43.80093,48.43056,48.43056
Djibouti,DJI,Getting Credit total score (DB15-20 methodology),IC.CRED.ACC.ACES.DB1519,1,1,5,8
Dominica,DMA,Starting a business - Score,IC.REG.STRT.BUS.DFRN,89.26497,89.28514,89.38764,89.32369
Dominica,DMA,Global: Ease of doing business score (DB17-20 methodology),IC.BUS.EASE.DFRN.XQ.DB1719,61.23575,61.66778,60.54557,60.54797
Dominica,DMA,Enforcing contracts (DB17-20 methodology) - Score,ENF.CONT.COEN.DB1719.DFRN,59.17428,59.17428,57.53493,57.53493
Dominica,DMA,Getting Credit total score (DB15-20 methodology),IC.CRED.ACC.ACES.DB1519,6,6,6,6
Dominican Republic,DOM,Starting a business - Score,IC.REG.STRT.BUS.DFRN,82.51933,83.22558,83.43518,85.43877
Dominican Republic,DOM,Global: Ease of doing business score (DB17-20 methodology),IC.BUS.EASE.DFRN.XQ.DB1719,57.699,59.12432,59.32073,59.98867
Dominican Republic,DOM,Enforcing contracts (DB17-20 methodology) - Score,ENF.CONT.COEN.DB1719.DFRN,46.86038,46.86038,46.86038,50.56409
Dominican Republic,DOM,Getting Credit total score (DB15-20 methodology),IC.CRED.ACC.ACES.DB1519,9,9,9,9
Ecuador,ECU,Starting a business - Score,IC.REG.STRT.BUS.DFRN,69.18651,68.98775,69.0723,69.11291
Ecuador,ECU,Global: Ease of doing business score (DB17-20 methodology),IC.BUS.EASE.DFRN.XQ.DB1719,57.52173,57.49538,57.6141,57.7227
Ecuador,ECU,Enforcing contracts (DB17-20 methodology) - Score,ENF.CONT.COEN.DB1719.DFRN,54.1466,57.53154,57.53154,57.53154
Ecuador,ECU,Getting Credit total score (DB15-20 methodology),IC.CRED.ACC.ACES.DB1519,9,9,9,9
"Egypt, Arab Rep.",EGY,Starting a business - Score,IC.REG.STRT.BUS.DFRN,80.65171,80.70145,83.82581,87.83591
"Egypt, Arab Rep.",EGY,Global: Ease of doing business score (DB17-20 methodology),IC.BUS.EASE.DFRN.XQ.DB1719,55.47428,55.79763,58.51399,60.05364
"Egypt, Arab Rep.",EGY,Enforcing contracts (DB17-20 methodology) - Score,ENF.CONT.COEN.DB1719.DFRN,39.97086,39.97086,39.97086,39.97086
"Egypt, Arab Rep.",EGY,Getting Credit total score (DB15-20 methodology),IC.CRED.ACC.ACES.DB1519,10,10,13,13
El Salvador,SLV,Starting a business - Score,IC.REG.STRT.BUS.DFRN,78.88262,78.88002,78.4067,78.63584
El Salvador,SLV,Global: Ease of doing business score (DB17-20 methodology),IC.BUS.EASE.DFRN.XQ.DB1719,62.65253,64.70983,64.92118,65.25247
El Salvador,SLV,Enforcing contracts (DB17-20 methodology) - Score,ENF.CONT.COEN.DB1719.DFRN,51.85391,51.85391,51.85391,51.85391
El Salvador,SLV,Getting Credit total score (DB15-20 methodology),IC.CRED.ACC.ACES.DB1519,16,16,16,16
Equatorial Guinea,GNQ,Starting a business - Score,IC.REG.STRT.BUS.DFRN,36.89537,54.95921,55.73598,60.96393
Equatorial Guinea,GNQ,Global: Ease of doing business score (DB17-20 methodology),IC.BUS.EASE.DFRN.XQ.DB1719,38.4902,40.26392,40.53653,41.05286
Equatorial Guinea,GNQ,Enforcing contracts (DB17-20 methodology) - Score,ENF.CONT.COEN.DB1719.DFRN,55.24868,55.24868,56.1746,56.1746
Equatorial Guinea,GNQ,Getting Credit total score (DB15-20 methodology),IC.CRED.ACC.ACES.DB1519,8,8,8,8
Eritrea,ERI,Starting a business - Score,IC.REG.STRT.BUS.DFRN,46.35891,50.59532,51.90906,52.86282
Eritrea,ERI,Global: Ease of doing business score (DB17-20 methodology),IC.BUS.EASE.DFRN.XQ.DB1719,20.94464,21.37138,21.50372,21.5998
Eritrea,ERI,Enforcing contracts (DB17-20 methodology) - Score,ENF.CONT.COEN.DB1719.DFRN,55.92621,55.92621,55.92621,55.92621
Eritrea,ERI,Getting Credit total score (DB15-20 methodology),IC.CRED.ACC.ACES.DB1519,0,0,0,0
Estonia,EST,Starting a business - Score,IC.REG.STRT.BUS.DFRN,95.12616,95.15468,95.25464,95.35989
Estonia,EST,Global: Ease of doing business score (DB17-20 methodology),IC.BUS.EASE.DFRN.XQ.DB1719,80.7042,80.76691,80.79339,80.61685
Estonia,EST,Enforcing contracts (DB17-20 methodology) - Score,ENF.CONT.COEN.DB1719.DFRN,75.57703,75.7645,75.8395,76.06447
Estonia,EST,Getting Credit total score (DB15-20 methodology),IC.CRED.ACC.ACES.DB1519,14,14,14,14
Eswatini,SWZ,Starting a business - Score,IC.REG.STRT.BUS.DFRN,74.31995,74.35065,74.11554,77.19822
Eswatini,SWZ,Global: Ease of doing business score (DB17-20 methodology),IC.BUS.EASE.DFRN.XQ.DB1719,58.37605,58.62573,58.71977,59.49273
Eswatini,SWZ,Enforcing contracts (DB17-20 methodology) - Score,ENF.CONT.COEN.DB1719.DFRN,36.71665,36.71665,36.71665,36.71665
Eswatini,SWZ,Getting Credit total score (DB15-20 methodology),IC.CRED.ACC.ACES.DB1519,10,11,11,11
Ethiopia,ETH,Starting a business - Score,IC.REG.STRT.BUS.DFRN,55.96149,68.42818,70.788,71.70191
Ethiopia,ETH,Global: Ease of doing business score (DB17-20 methodology),IC.BUS.EASE.DFRN.XQ.DB1719,44.06311,46.14583,47.0561,47.97613
Ethiopia,ETH,Enforcing contracts (DB17-20 methodology) - Score,ENF.CONT.COEN.DB1719.DFRN,59.98787,59.98787,62.76565,62.76565
Ethiopia,ETH,Getting Credit total score (DB15-20 methodology),IC.CRED.ACC.ACES.DB1519,3,3,3,3
Fiji,FJI,Starting a business - Score,IC.REG.STRT.BUS.DFRN,73.12744,73.25767,73.38548,73.56195
Fiji,FJI,Global: Ease of doing business score (DB17-20 methodology),IC.BUS.EASE.DFRN.XQ.DB1719,61.26819,61.34481,61.38188,61.47892
Fiji,FJI,Enforcing contracts (DB17-20 methodology) - Score,ENF.CONT.COEN.DB1719.DFRN,57.05174,57.05174,57.05174,57.05174
Fiji,FJI,Getting Credit total score (DB15-20 methodology),IC.CRED.ACC.ACES.DB1519,5,5,5,5
Finland,FIN,Starting a business - Score,IC.REG.STRT.BUS.DFRN,92.3936,92.41023,92.43187,93.46643
Finland,FIN,Global: Ease of doing business score (DB17-20 methodology),IC.BUS.EASE.DFRN.XQ.DB1719,80.09777,79.98436,80.04165,80.17834
Finland,FIN,Enforcing contracts (DB17-20 methodology) - Score,ENF.CONT.COEN.DB1719.DFRN,66.39798,66.39798,66.39798,66.39798
Finland,FIN,Getting Credit total score (DB15-20 methodology),IC.CRED.ACC.ACES.DB1519,12,12,12,12
France,FRA,Starting a business - Score,IC.REG.STRT.BUS.DFRN,93.27068,93.27573,93.27016,93.14713
France,FRA,Global: Ease of doing business score (DB17-20 methodology),IC.BUS.EASE.DFRN.XQ.DB1719,76.25038,76.01011,76.77957,76.80465
France,FRA,Enforcing contracts (DB17-20 methodology) - Score,ENF.CONT.COEN.DB1719.DFRN,73.46777,73.46777,73.46777,73.46777
France,FRA,Getting Credit total score (DB15-20 methodology),IC.CRED.ACC.ACES.DB1519,10,10,10,10
Gabon,GAB,Starting a business - Score,IC.REG.STRT.BUS.DFRN,74.08993,80.47525,82.59139,86.97388
Gabon,GAB,Global: Ease of doing business score (DB17-20 methodology),IC.BUS.EASE.DFRN.XQ.DB1719,43.74227,44.68792,44.49778,45.0251
Gabon,GAB,Enforcing contracts (DB17-20 methodology) - Score,ENF.CONT.COEN.DB1719.DFRN,32.83538,32.83538,32.83538,32.83538
Gabon,GAB,Getting Credit total score (DB15-20 methodology),IC.CRED.ACC.ACES.DB1519,8,8,8,8
"Gambia, The",GMB,Starting a business - Score,IC.REG.STRT.BUS.DFRN,69.37448,68.99586,69.91287,84.57777
"Gambia, The",GMB,Global: Ease of doing business score (DB17-20 methodology),IC.BUS.EASE.DFRN.XQ.DB1719,47.75618,47.75707,47.82604,50.29381
"Gambia, The",GMB,Enforcing contracts (DB17-20 methodology) - Score,ENF.CONT.COEN.DB1719.DFRN,50.88268,50.88268,50.88268,50.88268
"Gambia, The",GMB,Getting Credit total score (DB15-20 methodology),IC.CRED.ACC.ACES.DB1519,6,6,6,6
Georgia,GEO,Starting a business - Score,IC.REG.STRT.BUS.DFRN,97.83031,97.83964,99.34449,99.61764
Georgia,GEO,Global: Ease of doing business score (DB17-20 methodology),IC.BUS.EASE.DFRN.XQ.DB1719,80.79351,83.01189,83.4992,83.73393
Georgia,GEO,Enforcing contracts (DB17-20 methodology) - Score,ENF.CONT.COEN.DB1719.DFRN,74.11843,74.11843,75.04436,75.04436
Georgia,GEO,Getting Credit total score (DB15-20 methodology),IC.CRED.ACC.ACES.DB1519,17,17,17,17
Germany,DEU,Starting a business - Score,IC.REG.STRT.BUS.DFRN,83.45903,83.47037,83.5948,83.67435
Germany,DEU,Global: Ease of doing business score (DB17-20 methodology),IC.BUS.EASE.DFRN.XQ.DB1719,79.5543,79.34962,79.34794,79.71004
Germany,DEU,Enforcing contracts (DB17-20 methodology) - Score,ENF.CONT.COEN.DB1719.DFRN,70.39409,70.39409,70.39409,74.09779
Germany,DEU,Getting Credit total score (DB15-20 methodology),IC.CRED.ACC.ACES.DB1519,14,14,14,14
Ghana,GHA,Starting a business - Score,IC.REG.STRT.BUS.DFRN,83.73058,84.01779,84.28737,84.96239
Ghana,GHA,Global: Ease of doing business score (DB17-20 methodology),IC.BUS.EASE.DFRN.XQ.DB1719,58.03559,58.37525,60.43442,59.96017
Ghana,GHA,Enforcing contracts (DB17-20 methodology) - Score,ENF.CONT.COEN.DB1719.DFRN,53.99706,53.99706,53.99706,53.99706
Ghana,GHA,Getting Credit total score (DB15-20 methodology),IC.CRED.ACC.ACES.DB1519,12,12,12,12
Greece,GRC,Starting a business - Score,IC.REG.STRT.BUS.DFRN,90.68484,92.36747,92.36855,95.99593
Greece,GRC,Global: Ease of doing business score (DB17-20 methodology),IC.BUS.EASE.DFRN.XQ.DB1719,67.08976,67.11485,67.40997,68.42391
Greece,GRC,Enforcing contracts (DB17-20 methodology) - Score,ENF.CONT.COEN.DB1719.DFRN,47.1941,47.1941,47.1941,48.12003
Greece,GRC,Getting Credit total score (DB15-20 methodology),IC.CRED.ACC.ACES.DB1519,9,9,9,9
Grenada,GRD,Starting a business - Score,IC.REG.STRT.BUS.DFRN,87.02414,87.09002,87.25792,87.96368
Grenada,GRD,Global: Ease of doing business score (DB17-20 methodology),IC.BUS.EASE.DFRN.XQ.DB1719,53.41014,53.30874,53.37453,53.44488
Grenada,GRD,Enforcing contracts (DB17-20 methodology) - Score,ENF.CONT.COEN.DB1719.DFRN,59.33193,59.33193,59.33193,59.33193
Grenada,GRD,Getting Credit total score (DB15-20 methodology),IC.CRED.ACC.ACES.DB1519,6,6,6,6
Guatemala,GTM,Starting a business - Score,IC.REG.STRT.BUS.DFRN,77.61285,77.82606,86.70682,86.80156
Guatemala,GTM,Global: Ease of doing business score (DB17-20 methodology),IC.BUS.EASE.DFRN.XQ.DB1719,61.95631,61.52534,62.53299,62.59562
Guatemala,GTM,Enforcing contracts (DB17-20 methodology) - Score,ENF.CONT.COEN.DB1719.DFRN,34.54568,34.54568,34.54568,34.54568
Guatemala,GTM,Getting Credit total score (DB15-20 methodology),IC.CRED.ACC.ACES.DB1519,17,17,17,17
Guinea,GIN,Starting a business - Score,IC.REG.STRT.BUS.DFRN,77.57945,79.15167,83.89756,84.45567
Guinea,GIN,Global: Ease of doing business score (DB17-20 methodology),IC.BUS.EASE.DFRN.XQ.DB1719,45.97639,46.71106,49.26216,49.42922
Guinea,GIN,Enforcing contracts (DB17-20 methodology) - Score,ENF.CONT.COEN.DB1719.DFRN,52.94603,52.94603,53.87195,53.87195
Guinea,GIN,Getting Credit total score (DB15-20 methodology),IC.CRED.ACC.ACES.DB1519,6,6,6,6
Guinea-Bissau,GNB,Starting a business - Score,IC.REG.STRT.BUS.DFRN,73.29651,74.04202,75.21887,75.49544
Guinea-Bissau,GNB,Global: Ease of doing business score (DB17-20 methodology),IC.BUS.EASE.DFRN.XQ.DB1719,42.79794,42.91537,43.19038,43.23319
Guinea-Bissau,GNB,Enforcing contracts (DB17-20 methodology) - Score,ENF.CONT.COEN.DB1719.DFRN,37.68696,37.68696,38.61288,38.61288
Guinea-Bissau,GNB,Getting Credit total score (DB15-20 methodology),IC.CRED.ACC.ACES.DB1519,6,6,6,6
Guyana,GUY,Starting a business - Score,IC.REG.STRT.BUS.DFRN,85.44715,85.55094,85.60845,85.60068
Guyana,GUY,Global: Ease of doing business score (DB17-20 methodology),IC.BUS.EASE.DFRN.XQ.DB1719,56.35643,56.75682,55.59359,55.49196
Guyana,GUY,Enforcing contracts (DB17-20 methodology) - Score,ENF.CONT.COEN.DB1719.DFRN,57.62268,57.87369,57.87369,57.87369
Guyana,GUY,Getting Credit total score (DB15-20 methodology),IC.CRED.ACC.ACES.DB1519,11,11,11,11
Haiti,HTI,Starting a business - Score,IC.REG.STRT.BUS.DFRN,33.61022,33.70433,33.80175,36.43151
Haiti,HTI,Global: Ease of doing business score (DB17-20 methodology),IC.BUS.EASE.DFRN.XQ.DB1719,37.73652,37.74675,37.85895,40.72493
Haiti,HTI,Enforcing contracts (DB17-20 methodology) - Score,ENF.CONT.COEN.DB1719.DFRN,51.56601,51.56601,51.56601,51.56601
Haiti,HTI,Getting Credit total score (DB15-20 methodology),IC.CRED.ACC.ACES.DB1519,2,2,2,7
Honduras,HND,Starting a business - Score,IC.REG.STRT.BUS.DFRN,69.93047,69.91015,69.98212,71.36012
Honduras,HND,Global: Ease of doing business score (DB17-20 methodology),IC.BUS.EASE.DFRN.XQ.DB1719,55.73586,55.88601,55.97099,56.26791
Honduras,HND,Enforcing contracts (DB17-20 methodology) - Score,ENF.CONT.COEN.DB1719.DFRN,44.18695,44.18695,44.18695,44.18695
Honduras,HND,Getting Credit total score (DB15-20 methodology),IC.CRED.ACC.ACES.DB1519,16,16,16,16
"Hong Kong, China",HKG,Starting a business - Score,IC.REG.STRT.BUS.DFRN,98.20449,98.13657,98.1458,98.21673
"Hong Kong, China",HKG,Global: Ease of doing business score (DB17-20 methodology),IC.BUS.EASE.DFRN.XQ.DB1719,84.76059,85.04858,85.08628,85.3154
"Hong Kong, China",HKG,Enforcing contracts (DB17-20 methodology) - Score,ENF.CONT.COEN.DB1719.DFRN,69.13335,69.13335,69.13335,69.13335
"Hong Kong, China",HKG,Getting Credit total score (DB15-20 methodology),IC.CRED.ACC.ACES.DB1519,15,15,15,15
Hungary,HUN,Starting a business - Score,IC.REG.STRT.BUS.DFRN,87.27867,87.60293,87.89286,88.19172
Hungary,HUN,Global: Ease of doing business score (DB17-20 methodology),IC.BUS.EASE.DFRN.XQ.DB1719,71.3825,72.6828,73.23963,73.41584
Hungary,HUN,Enforcing contracts (DB17-20 methodology) - Score,ENF.CONT.COEN.DB1719.DFRN,69.1248,70.97665,70.97665,70.97665
Hungary,HUN,Getting Credit total score (DB15-20 methodology),IC.CRED.ACC.ACES.DB1519,14,15,15,15
Iceland,ISL,Starting a business - Score,IC.REG.STRT.BUS.DFRN,90.62865,90.71054,90.71937,90.64966
Iceland,ISL,Global: Ease of doing business score (DB17-20 methodology),IC.BUS.EASE.DFRN.XQ.DB1719,79.00524,78.99464,79.011,78.96154
Iceland,ISL,Enforcing contracts (DB17-20 methodology) - Score,ENF.CONT.COEN.DB1719.DFRN,69.10372,69.10372,69.10372,69.10372
Iceland,ISL,Getting Credit total score (DB15-20 methodology),IC.CRED.ACC.ACES.DB1519,11,11,11,11
India,IND,Starting a business - Score,IC.REG.STRT.BUS.DFRN,72.18791,73.90121,80.95635,81.60138
India,IND,Global: Ease of doing business score (DB17-20 methodology),IC.BUS.EASE.DFRN.XQ.DB1719,55.94046,60.9076,67.49639,71.04511
India,IND,Enforcing contracts (DB17-20 methodology) - Score,ENF.CONT.COEN.DB1719.DFRN,39.33987,41.19173,41.19173,41.19173
India,IND,Getting Credit total score (DB15-20 methodology),IC.CRED.ACC.ACES.DB1519,13,15,16,16
Indonesia,IDN,Starting a business - Score,IC.REG.STRT.BUS.DFRN,74.58802,76.08835,79.37615,81.20898
Indonesia,IDN,Global: Ease of doing business score (DB17-20 methodology),IC.BUS.EASE.DFRN.XQ.DB1719,64.66011,66.86799,68.184,69.57879
Indonesia,IDN,Enforcing contracts (DB17-20 methodology) - Score,ENF.CONT.COEN.DB1719.DFRN,45.3809,47.23336,47.23336,49.08521
Indonesia,IDN,Getting Credit total score (DB15-20 methodology),IC.CRED.ACC.ACES.DB1519,12,13,14,14
"Iran, Islamic Rep.",IRN,Starting a business - Score,IC.REG.STRT.BUS.DFRN,67.79091,67.76895,67.78809,67.80443
"Iran, Islamic Rep.",IRN,Global: Ease of doing business score (DB17-20 methodology),IC.BUS.EASE.DFRN.XQ.DB1719,55.70786,55.69678,58.63915,58.54658
"Iran, Islamic Rep.",IRN,Enforcing contracts (DB17-20 methodology) - Score,ENF.CONT.COEN.DB1719.DFRN,58.2077,58.2077,58.2077,58.2077
"Iran, Islamic Rep.",IRN,Getting Credit total score (DB15-20 methodology),IC.CRED.ACC.ACES.DB1519,9,10,10,10
Iraq,IRQ,Starting a business - Score,IC.REG.STRT.BUS.DFRN,71.3166,75.86907,76.54776,77.25113
Iraq,IRQ,Global: Ease of doing business score (DB17-20 methodology),IC.BUS.EASE.DFRN.XQ.DB1719,44.14072,44.61783,44.65481,44.70443
Iraq,IRQ,Enforcing contracts (DB17-20 methodology) - Score,ENF.CONT.COEN.DB1719.DFRN,48.0168,48.0168,48.0168,48.0168
Iraq,IRQ,Getting Credit total score (DB15-20 methodology),IC.CRED.ACC.ACES.DB1519,0,0,0,0
Ireland,IRL,Starting a business - Score,IC.REG.STRT.BUS.DFRN,94.39826,94.40153,94.40318,94.40378
Ireland,IRL,Global: Ease of doing business score (DB17-20 methodology),IC.BUS.EASE.DFRN.XQ.DB1719,80.10484,80.10187,79.58999,79.57614
Ireland,IRL,Enforcing contracts (DB17-20 methodology) - Score,ENF.CONT.COEN.DB1719.DFRN,56.95186,56.95186,57.87779,57.87779
Ireland,IRL,Getting Credit total score (DB15-20 methodology),IC.CRED.ACC.ACES.DB1519,14,14,14,14
Israel,ISR,Starting a business - Score,IC.REG.STRT.BUS.DFRN,92.53346,92.55158,92.60117,94.08292
Israel,ISR,Global: Ease of doing business score (DB17-20 methodology),IC.BUS.EASE.DFRN.XQ.DB1719,74.20098,74.34011,74.98013,76.67572
Israel,ISR,Enforcing contracts (DB17-20 methodology) - Score,ENF.CONT.COEN.DB1719.DFRN,58.85719,58.85719,58.85719,58.85719
Israel,ISR,Getting Credit total score (DB15-20 methodology),IC.CRED.ACC.ACES.DB1519,13,13,13,14
Italy,ITA,Starting a business - Score,IC.REG.STRT.BUS.DFRN,86.74558,86.7729,86.77811,86.80897
Italy,ITA,Global: Ease of doing business score (DB17-20 methodology),IC.BUS.EASE.DFRN.XQ.DB1719,71.82565,73.19206,73.04291,72.85055
Italy,ITA,Enforcing contracts (DB17-20 methodology) - Score,ENF.CONT.COEN.DB1719.DFRN,53.10713,53.10713,53.10713,53.10713
Italy,ITA,Getting Credit total score (DB15-20 methodology),IC.CRED.ACC.ACES.DB1519,9,9,9,9
Jamaica,JAM,Starting a business - Score,IC.REG.STRT.BUS.DFRN,95.60988,97.30384,97.34721,97.37286
Jamaica,JAM,Global: Ease of doing business score (DB17-20 methodology),IC.BUS.EASE.DFRN.XQ.DB1719,67.31221,67.72419,68.2738,69.67997
Jamaica,JAM,Enforcing contracts (DB17-20 methodology) - Score,ENF.CONT.COEN.DB1719.DFRN,51.94861,51.87362,51.87362,53.72547
Jamaica,JAM,Getting Credit total score (DB15-20 methodology),IC.CRED.ACC.ACES.DB1519,16,16,17,17
Japan,JPN,Starting a business - Score,IC.REG.STRT.BUS.DFRN,86.09257,86.09657,86.09777,86.09823
Japan,JPN,Global: Ease of doing business score (DB17-20 methodology),IC.BUS.EASE.DFRN.XQ.DB1719,77.9374,78.01404,78.04159,77.99983
Japan,JPN,Enforcing contracts (DB17-20 methodology) - Score,ENF.CONT.COEN.DB1719.DFRN,65.26177,65.26177,65.26177,65.26177
Japan,JPN,Getting Credit total score (DB15-20 methodology),IC.CRED.ACC.ACES.DB1519,11,11,11,11
Jordan,JOR,Starting a business - Score,IC.REG.STRT.BUS.DFRN,84.8442,84.39845,84.42881,84.5032
Jordan,JOR,Global: Ease of doing business score (DB17-20 methodology),IC.BUS.EASE.DFRN.XQ.DB1719,57.0245,59.92558,61.28281,68.97453
Jordan,JOR,Enforcing contracts (DB17-20 methodology) - Score,ENF.CONT.COEN.DB1719.DFRN,52.42214,53.70629,55.55814,55.55814
Jordan,JOR,Getting Credit total score (DB15-20 methodology),IC.CRED.ACC.ACES.DB1519,0,6,7,19
Kazakhstan,KAZ,Starting a business - Score,IC.REG.STRT.BUS.DFRN,91.94476,91.94711,92.95523,94.42857
Kazakhstan,KAZ,Global: Ease of doing business score (DB17-20 methodology),IC.BUS.EASE.DFRN.XQ.DB1719,74.84879,76.87746,78.04085,79.55915
Kazakhstan,KAZ,Enforcing contracts (DB17-20 methodology) - Score,ENF.CONT.COEN.DB1719.DFRN,75.69867,77.55052,81.25422,81.25422
Kazakhstan,KAZ,Getting Credit total score (DB15-20 methodology),IC.CRED.ACC.ACES.DB1519,11,13,13,16
Kenya,KEN,Starting a business - Score,IC.REG.STRT.BUS.DFRN,79.3062,82.23299,82.40901,82.72911
Kenya,KEN,Global: Ease of doing business score (DB17-20 methodology),IC.BUS.EASE.DFRN.XQ.DB1719,62.79134,65.40809,70.97866,73.21648
Kenya,KEN,Enforcing contracts (DB17-20 methodology) - Score,ENF.CONT.COEN.DB1719.DFRN,58.27156,58.27156,58.27156,58.27156
Kenya,KEN,Getting Credit total score (DB15-20 methodology),IC.CRED.ACC.ACES.DB1519,14,15,18,19
Kiribati,KIR,Starting a business - Score,IC.REG.STRT.BUS.DFRN,78.16936,77.47041,78.1981,78.40047
Kiribati,KIR,Global: Ease of doing business score (DB17-20 methodology),IC.BUS.EASE.DFRN.XQ.DB1719,46.74575,46.16176,46.76976,46.93884
Kiribati,KIR,Enforcing contracts (DB17-20 methodology) - Score,ENF.CONT.COEN.DB1719.DFRN,53.38738,53.38738,53.38738,53.38738
Kiribati,KIR,Getting Credit total score (DB15-20 methodology),IC.CRED.ACC.ACES.DB1519,4,4,4,4
"Korea, Rep.",KOR,Starting a business - Score,IC.REG.STRT.BUS.DFRN,93.35338,93.35408,93.35507,93.35556
"Korea, Rep.",KOR,Global: Ease of doing business score (DB17-20 methodology),IC.BUS.EASE.DFRN.XQ.DB1719,83.96555,83.96525,83.96046,84.00083
"Korea, Rep.",KOR,Enforcing contracts (DB17-20 methodology) - Score,ENF.CONT.COEN.DB1719.DFRN,84.1493,84.1493,84.1493,84.1493
"Korea, Rep.",KOR,Getting Credit total score (DB15-20 methodology),IC.CRED.ACC.ACES.DB1519,13,13,13,13
Kosovo,XKX,Starting a business - Score,IC.REG.STRT.BUS.DFRN,95.54203,95.67141,95.67926,95.88466
Kosovo,XKX,Global: Ease of doing business score (DB17-20 methodology),IC.BUS.EASE.DFRN.XQ.DB1719,64.90617,70.51486,71.04522,73.18473
Kosovo,XKX,Enforcing contracts (DB17-20 methodology) - Score,ENF.CONT.COEN.DB1719.DFRN,63.80881,63.80881,63.80881,64.73474
Kosovo,XKX,Getting Credit total score (DB15-20 methodology),IC.CRED.ACC.ACES.DB1519,15,17,17,17
Kuwait,KWT,Starting a business - Score,IC.REG.STRT.BUS.DFRN,66.76989,77.21177,81.4033,88.39693
Kuwait,KWT,Global: Ease of doing business score (DB17-20 methodology),IC.BUS.EASE.DFRN.XQ.DB1719,59.96924,61.78943,62.56073,67.40473
Kuwait,KWT,Enforcing contracts (DB17-20 methodology) - Score,ENF.CONT.COEN.DB1719.DFRN,59.58128,61.43313,61.43313,61.43313
Kuwait,KWT,Getting Credit total score (DB15-20 methodology),IC.CRED.ACC.ACES.DB1519,7,7,7,9
Kyrgyz Republic,KGZ,Starting a business - Score,IC.REG.STRT.BUS.DFRN,92.92209,92.93629,92.96776,93.02397
Kyrgyz Republic,KGZ,Global: Ease of doing business score (DB17-20 methodology),IC.BUS.EASE.DFRN.XQ.DB1719,61.31719,62.35959,65.41049,67.82089
Kyrgyz Republic,KGZ,Enforcing contracts (DB17-20 methodology) - Score,ENF.CONT.COEN.DB1719.DFRN,47.63935,47.63935,50.41713,50.41713
Kyrgyz Republic,KGZ,Getting Credit total score (DB15-20 methodology),IC.CRED.ACC.ACES.DB1519,14,16,16,17
Lao PDR,LAO,Starting a business - Score,IC.REG.STRT.BUS.DFRN,60.60657,60.88402,60.93473,62.66424
Lao PDR,LAO,Global: Ease of doing business score (DB17-20 methodology),IC.BUS.EASE.DFRN.XQ.DB1719,49.05728,49.98578,49.77807,50.82456
Lao PDR,LAO,Enforcing contracts (DB17-20 methodology) - Score,ENF.CONT.COEN.DB1719.DFRN,41.99286,41.99286,41.99286,41.99286
Lao PDR,LAO,Getting Credit total score (DB15-20 methodology),IC.CRED.ACC.ACES.DB1519,12,12,12,12
Latvia,LVA,Starting a business - Score,IC.REG.STRT.BUS.DFRN,94.11278,94.11395,94.11676,94.13799
Latvia,LVA,Global: Ease of doing business score (DB17-20 methodology),IC.BUS.EASE.DFRN.XQ.DB1719,80.59931,79.99279,80.31973,80.28054
Latvia,LVA,Enforcing contracts (DB17-20 methodology) - Score,ENF.CONT.COEN.DB1719.DFRN,71.65537,73.50723,73.50723,73.50723
Latvia,LVA,Getting Credit total score (DB15-20 methodology),IC.CRED.ACC.ACES.DB1519,17,17,17,17
Lebanon,LBN,Starting a business - Score,IC.REG.STRT.BUS.DFRN,78.45205,78.16665,78.63273,78.17714
Lebanon,LBN,Global: Ease of doing business score (DB17-20 methodology),IC.BUS.EASE.DFRN.XQ.DB1719,54.46561,54.35106,54.42282,54.3316
Lebanon,LBN,Enforcing contracts (DB17-20 methodology) - Score,ENF.CONT.COEN.DB1719.DFRN,49.84595,49.84595,49.84595,50.77188
Lebanon,LBN,Getting Credit total score (DB15-20 methodology),IC.CRED.ACC.ACES.DB1519,8,8,8,8
Lesotho,LSO,Starting a business - Score,IC.REG.STRT.BUS.DFRN,82.99916,83.05924,83.12674,88.24301
Lesotho,LSO,Global: Ease of doing business score (DB17-20 methodology),IC.BUS.EASE.DFRN.XQ.DB1719,58.01146,58.56005,58.68291,59.4294
Lesotho,LSO,Enforcing contracts (DB17-20 methodology) - Score,ENF.CONT.COEN.DB1719.DFRN,57.18428,57.18428,57.18428,57.18428
Lesotho,LSO,Getting Credit total score (DB15-20 methodology),IC.CRED.ACC.ACES.DB1519,10,11,11,11
Liberia,LBR,Starting a business - Score,IC.REG.STRT.BUS.DFRN,90.64304,90.7722,88.14452,88.93865
Liberia,LBR,Global: Ease of doing business score (DB17-20 methodology),IC.BUS.EASE.DFRN.XQ.DB1719,39.98301,43.58222,43.54307,43.22747
Liberia,LBR,Enforcing contracts (DB17-20 methodology) - Score,ENF.CONT.COEN.DB1719.DFRN,35.22925,35.22925,35.22925,35.22925
Liberia,LBR,Getting Credit total score (DB15-20 methodology),IC.CRED.ACC.ACES.DB1519,9,10,10,10
Libya,LBY,Starting a business - Score,IC.REG.STRT.BUS.DFRN,71.48415,71.71688,73.5575,73.14735
Libya,LBY,Global: Ease of doing business score (DB17-20 methodology),IC.BUS.EASE.DFRN.XQ.DB1719,32.47692,32.50611,32.73696,32.68552
Libya,LBY,Enforcing contracts (DB17-20 methodology) - Score,ENF.CONT.COEN.DB1719.DFRN,48.41406,48.41406,48.41406,48.41406
Libya,LBY,Getting Credit total score (DB15-20 methodology),IC.CRED.ACC.ACES.DB1519,0,0,0,0
Liechtenstein,LIE,Starting a business - Score,IC.REG.STRT.BUS.DFRN,..,..,73.04426,73.00755
Liechtenstein,LIE,Global: Ease of doing business score (DB17-20 methodology),IC.BUS.EASE.DFRN.XQ.DB1719,..,..,64.85209,64.84421
Liechtenstein,LIE,Enforcing contracts (DB17-20 methodology) - Score,ENF.CONT.COEN.DB1719.DFRN,..,..,59.77164,59.77164
Liechtenstein,LIE,Getting Credit total score (DB15-20 methodology),IC.CRED.ACC.ACES.DB1519,..,..,3,3
Lithuania,LTU,Starting a business - Score,IC.REG.STRT.BUS.DFRN,92.98474,93.0535,93.17569,93.27371
Lithuania,LTU,Global: Ease of doing business score (DB17-20 methodology),IC.BUS.EASE.DFRN.XQ.DB1719,79.21677,80.63462,80.95864,81.61948
Lithuania,LTU,Enforcing contracts (DB17-20 methodology) - Score,ENF.CONT.COEN.DB1719.DFRN,78.80244,78.80244,78.80244,78.80244
Lithuania,LTU,Getting Credit total score (DB15-20 methodology),IC.CRED.ACC.ACES.DB1519,14,14,14,14
Luxembourg,LUX,Starting a business - Score,IC.REG.STRT.BUS.DFRN,88.65978,88.76193,88.72537,88.825
Luxembourg,LUX,Global: Ease of doing business score (DB17-20 methodology),IC.BUS.EASE.DFRN.XQ.DB1719,69.1733,69.58844,69.58703,69.6031
Luxembourg,LUX,Enforcing contracts (DB17-20 methodology) - Score,ENF.CONT.COEN.DB1719.DFRN,73.31605,73.31605,73.31605,73.31605
Luxembourg,LUX,Getting Credit total score (DB15-20 methodology),IC.CRED.ACC.ACES.DB1519,3,3,3,3
Madagascar,MDG,Starting a business - Score,IC.REG.STRT.BUS.DFRN,81.76138,87.77554,88.10325,88.46242
Madagascar,MDG,Global: Ease of doing business score (DB17-20 methodology),IC.BUS.EASE.DFRN.XQ.DB1719,42.74769,46.38142,47.04235,47.72865
Madagascar,MDG,Enforcing contracts (DB17-20 methodology) - Score,ENF.CONT.COEN.DB1719.DFRN,42.84587,42.84587,46.54957,50.04077
Madagascar,MDG,Getting Credit total score (DB15-20 methodology),IC.CRED.ACC.ACES.DB1519,2,8,8,8
Malawi,MWI,Starting a business - Score,IC.REG.STRT.BUS.DFRN,76.72713,76.42729,77.17838,77.9336
Malawi,MWI,Global: Ease of doing business score (DB17-20 methodology),IC.BUS.EASE.DFRN.XQ.DB1719,53.22437,59.52076,60.362,60.9371
Malawi,MWI,Enforcing contracts (DB17-20 methodology) - Score,ENF.CONT.COEN.DB1719.DFRN,45.55203,45.55203,47.40389,47.40389
Malawi,MWI,Getting Credit total score (DB15-20 methodology),IC.CRED.ACC.ACES.DB1519,9,18,18,18
Malaysia,MYS,Starting a business - Score,IC.REG.STRT.BUS.DFRN,80.00418,80.13916,82.77868,83.31508
Malaysia,MYS,Global: Ease of doing business score (DB17-20 methodology),IC.BUS.EASE.DFRN.XQ.DB1719,78.27291,78.77204,81.33541,81.47337
Malaysia,MYS,Enforcing contracts (DB17-20 methodology) - Score,ENF.CONT.COEN.DB1719.DFRN,68.23418,68.23418,68.23418,68.23418
Malaysia,MYS,Getting Credit total score (DB15-20 methodology),IC.CRED.ACC.ACES.DB1519,15,15,15,15
Maldives,MDV,Starting a business - Score,IC.REG.STRT.BUS.DFRN,88.98447,89.06162,89.17319,89.16009
Maldives,MDV,Global: Ease of doing business score (DB17-20 methodology),IC.BUS.EASE.DFRN.XQ.DB1719,52.38841,53.20063,53.2984,53.27453
Maldives,MDV,Enforcing contracts (DB17-20 methodology) - Score,ENF.CONT.COEN.DB1719.DFRN,52.46638,52.46638,52.46638,52.46638
Maldives,MDV,Getting Credit total score (DB15-20 methodology),IC.CRED.ACC.ACES.DB1519,7,7,7,7
Mali,MLI,Starting a business - Score,IC.REG.STRT.BUS.DFRN,84.11975,83.83079,84.04886,84.27014
Mali,MLI,Global: Ease of doing business score (DB17-20 methodology),IC.BUS.EASE.DFRN.XQ.DB1719,52.61403,52.87624,53.12964,52.94472
Mali,MLI,Enforcing contracts (DB17-20 methodology) - Score,ENF.CONT.COEN.DB1719.DFRN,41.87873,41.87873,42.80466,42.80466
Mali,MLI,Getting Credit total score (DB15-20 methodology),IC.CRED.ACC.ACES.DB1519,6,6,6,6
Malta,MLT,Starting a business - Score,IC.REG.STRT.BUS.DFRN,80.20947,84.8222,84.85514,88.19324
Malta,MLT,Global: Ease of doing business score (DB17-20 methodology),IC.BUS.EASE.DFRN.XQ.DB1719,64.77862,65.21409,65.4975,66.13941
Malta,MLT,Enforcing contracts (DB17-20 methodology) - Score,ENF.CONT.COEN.DB1719.DFRN,67.56799,67.56799,67.56799,67.56799
Malta,MLT,Getting Credit total score (DB15-20 methodology),IC.CRED.ACC.ACES.DB1519,6,6,7,7
Marshall Islands,MHL,Starting a business - Score,IC.REG.STRT.BUS.DFRN,88.4097,88.49025,88.44127,88.36139
Marshall Islands,MHL,Global: Ease of doing business score (DB17-20 methodology),IC.BUS.EASE.DFRN.XQ.DB1719,50.90663,50.94163,50.93322,50.8911
Marshall Islands,MHL,Enforcing contracts (DB17-20 methodology) - Score,ENF.CONT.COEN.DB1719.DFRN,55.93107,55.93107,55.93107,55.93107
Marshall Islands,MHL,Getting Credit total score (DB15-20 methodology),IC.CRED.ACC.ACES.DB1519,10,10,10,10
Mauritania,MRT,Starting a business - Score,IC.REG.STRT.BUS.DFRN,86.86602,91.79976,92.17627,92.23607
Mauritania,MRT,Global: Ease of doing business score (DB17-20 methodology),IC.BUS.EASE.DFRN.XQ.DB1719,46.88194,48.44839,49.37674,51.06288
Mauritania,MRT,Enforcing contracts (DB17-20 methodology) - Score,ENF.CONT.COEN.DB1719.DFRN,58.58206,60.43391,60.43391,65.98946
Mauritania,MRT,Getting Credit total score (DB15-20 methodology),IC.CRED.ACC.ACES.DB1519,5,5,6,8
Mauritius,MUS,Starting a business - Score,IC.REG.STRT.BUS.DFRN,91.64949,91.99694,94.34099,94.48123
Mauritius,MUS,Global: Ease of doing business score (DB17-20 methodology),IC.BUS.EASE.DFRN.XQ.DB1719,76.48622,78.89594,80.33655,81.46811
Mauritius,MUS,Enforcing contracts (DB17-20 methodology) - Score,ENF.CONT.COEN.DB1719.DFRN,69.57684,69.57684,70.36919,72.22104
Mauritius,MUS,Getting Credit total score (DB15-20 methodology),IC.CRED.ACC.ACES.DB1519,13,13,13,13
Mexico,MEX,Starting a business - Score,IC.REG.STRT.BUS.DFRN,85.74,85.84163,85.93813,86.06705
Mexico,MEX,Global: Ease of doing business score (DB17-20 methodology),IC.BUS.EASE.DFRN.XQ.DB1719,72.37307,72.53669,72.3064,72.35556
Mexico,MEX,Enforcing contracts (DB17-20 methodology) - Score,ENF.CONT.COEN.DB1719.DFRN,67.00659,67.00659,67.00659,67.00659
Mexico,MEX,Getting Credit total score (DB15-20 methodology),IC.CRED.ACC.ACES.DB1519,18,18,18,18
"Micronesia, Fed. Sts.",FSM,Starting a business - Score,IC.REG.STRT.BUS.DFRN,69.72632,69.5641,69.56327,69.61062
"Micronesia, Fed. Sts.",FSM,Global: Ease of doing business score (DB17-20 methodology),IC.BUS.EASE.DFRN.XQ.DB1719,48.08887,48.10096,48.09786,48.10341
"Micronesia, Fed. Sts.",FSM,Enforcing contracts (DB17-20 methodology) - Score,ENF.CONT.COEN.DB1719.DFRN,29.38895,29.38895,29.38895,29.38895
"Micronesia, Fed. Sts.",FSM,Getting Credit total score (DB15-20 methodology),IC.CRED.ACC.ACES.DB1519,10,10,10,10
Moldova,MDA,Starting a business - Score,IC.REG.STRT.BUS.DFRN,91.96425,93.76058,95.5542,95.68106
Moldova,MDA,Global: Ease of doing business score (DB17-20 methodology),IC.BUS.EASE.DFRN.XQ.DB1719,72.5204,72.72602,73.12546,74.39091
Moldova,MDA,Enforcing contracts (DB17-20 methodology) - Score,ENF.CONT.COEN.DB1719.DFRN,60.86818,60.86818,60.86818,63.64595
Moldova,MDA,Getting Credit total score (DB15-20 methodology),IC.CRED.ACC.ACES.DB1519,14,14,14,14
Mongolia,MNG,Starting a business - Score,IC.REG.STRT.BUS.DFRN,86.63299,86.63761,86.65,86.67187
Mongolia,MNG,Global: Ease of doing business score (DB17-20 methodology),IC.BUS.EASE.DFRN.XQ.DB1719,66.1351,67.40642,67.67673,67.77262
Mongolia,MNG,Enforcing contracts (DB17-20 methodology) - Score,ENF.CONT.COEN.DB1719.DFRN,58.47589,58.47589,61.36303,61.36303
Mongolia,MNG,Getting Credit total score (DB15-20 methodology),IC.CRED.ACC.ACES.DB1519,12,16,16,16
Montenegro,MNE,Starting a business - Score,IC.REG.STRT.BUS.DFRN,86.62379,86.6303,86.65185,86.6642
Montenegro,MNE,Global: Ease of doing business score (DB17-20 methodology),IC.BUS.EASE.DFRN.XQ.DB1719,71.22233,73.84108,73.70804,73.81891
Montenegro,MNE,Enforcing contracts (DB17-20 methodology) - Score,ENF.CONT.COEN.DB1719.DFRN,66.75214,66.75214,66.75214,66.75214
Montenegro,MNE,Getting Credit total score (DB15-20 methodology),IC.CRED.ACC.ACES.DB1519,17,17,17,17
Morocco,MAR,Starting a business - Score,IC.REG.STRT.BUS.DFRN,90.74612,92.45672,92.98835,93.00662
Morocco,MAR,Global: Ease of doing business score (DB17-20 methodology),IC.BUS.EASE.DFRN.XQ.DB1719,69.23623,69.21146,71.67294,73.38133
Morocco,MAR,Enforcing contracts (DB17-20 methodology) - Score,ENF.CONT.COEN.DB1719.DFRN,60.92698,60.92698,60.92698,63.70476
Morocco,MAR,Getting Credit total score (DB15-20 methodology),IC.CRED.ACC.ACES.DB1519,9,9,9,9
Mozambique,MOZ,Starting a business - Score,IC.REG.STRT.BUS.DFRN,73.54223,71.00044,67.55817,69.26071
Mozambique,MOZ,Global: Ease of doing business score (DB17-20 methodology),IC.BUS.EASE.DFRN.XQ.DB1719,52.06337,52.78803,54.56326,54.9955
Mozambique,MOZ,Enforcing contracts (DB17-20 methodology) - Score,ENF.CONT.COEN.DB1719.DFRN,39.78231,39.78231,39.78231,39.78231
Mozambique,MOZ,Getting Credit total score (DB15-20 methodology),IC.CRED.ACC.ACES.DB1519,5,5,5,5
Myanmar,MMR,Starting a business - Score,IC.REG.STRT.BUS.DFRN,75.29297,75.41723,77.3303,89.34537
Myanmar,MMR,Global: Ease of doing business score (DB17-20 methodology),IC.BUS.EASE.DFRN.XQ.DB1719,42.67139,42.97482,43.4838,46.82775
Myanmar,MMR,Enforcing contracts (DB17-20 methodology) - Score,ENF.CONT.COEN.DB1719.DFRN,24.53433,24.53433,24.53433,26.38618
Myanmar,MMR,Getting Credit total score (DB15-20 methodology),IC.CRED.ACC.ACES.DB1519,2,2,2,2
Namibia,NAM,Starting a business - Score,IC.REG.STRT.BUS.DFRN,68.8746,71.90288,72.06684,72.20375
Namibia,NAM,Global: Ease of doing business score (DB17-20 methodology),IC.BUS.EASE.DFRN.XQ.DB1719,60.08295,61.10494,61.35142,61.35078
Namibia,NAM,Enforcing contracts (DB17-20 methodology) - Score,ENF.CONT.COEN.DB1719.DFRN,56.02826,61.58382,63.43567,63.43567
Namibia,NAM,Getting Credit total score (DB15-20 methodology),IC.CRED.ACC.ACES.DB1519,12,12,12,12
Nepal,NPL,Starting a business - Score,IC.REG.STRT.BUS.DFRN,83.76747,81.75712,82.13011,81.6569
Nepal,NPL,Global: Ease of doing business score (DB17-20 methodology),IC.BUS.EASE.DFRN.XQ.DB1719,58.02771,59.98159,59.65408,63.1866
Nepal,NPL,Enforcing contracts (DB17-20 methodology) - Score,ENF.CONT.COEN.DB1719.DFRN,45.2559,45.2559,45.2559,45.99435
Nepal,NPL,Getting Credit total score (DB15-20 methodology),IC.CRED.ACC.ACES.DB1519,6,10,10,15
Netherlands,NLD,Starting a business - Score,IC.REG.STRT.BUS.DFRN,94.27228,94.27871,94.30562,94.33849
Netherlands,NLD,Global: Ease of doing business score (DB17-20 methodology),IC.BUS.EASE.DFRN.XQ.DB1719,75.57281,76.08463,76.09693,76.10376
Netherlands,NLD,Enforcing contracts (DB17-20 methodology) - Score,ENF.CONT.COEN.DB1719.DFRN,59.94072,59.94072,59.94072,59.94072
Netherlands,NLD,Getting Credit total score (DB15-20 methodology),IC.CRED.ACC.ACES.DB1519,8,9,9,9
New Zealand,NZL,Starting a business - Score,IC.REG.STRT.BUS.DFRN,99.96171,99.96352,99.97539,99.97544
New Zealand,NZL,Global: Ease of doing business score (DB17-20 methodology),IC.BUS.EASE.DFRN.XQ.DB1719,87.16633,87.02213,87.00452,86.76465
New Zealand,NZL,Enforcing contracts (DB17-20 methodology) - Score,ENF.CONT.COEN.DB1719.DFRN,74.25286,71.47508,71.47508,71.47508
New Zealand,NZL,Getting Credit total score (DB15-20 methodology),IC.CRED.ACC.ACES.DB1519,20,20,20,20
Nicaragua,NIC,Starting a business - Score,IC.REG.STRT.BUS.DFRN,79.28235,79.6125,79.83795,79.57322
Nicaragua,NIC,Global: Ease of doing business score (DB17-20 methodology),IC.BUS.EASE.DFRN.XQ.DB1719,54.24718,54.17112,54.53967,54.38673
Nicaragua,NIC,Enforcing contracts (DB17-20 methodology) - Score,ENF.CONT.COEN.DB1719.DFRN,58.58317,58.58317,58.58317,58.58317
Nicaragua,NIC,Getting Credit total score (DB15-20 methodology),IC.CRED.ACC.ACES.DB1519,9,9,10,10
Niger,NER,Starting a business - Score,IC.REG.STRT.BUS.DFRN,84.4365,91.93074,91.46094,91.51177
Niger,NER,Global: Ease of doing business score (DB17-20 methodology),IC.BUS.EASE.DFRN.XQ.DB1719,49.32578,51.17303,52.3119,56.75932
Niger,NER,Enforcing contracts (DB17-20 methodology) - Score,ENF.CONT.COEN.DB1719.DFRN,46.48072,49.62279,54.69262,54.69262
Niger,NER,Getting Credit total score (DB15-20 methodology),IC.CRED.ACC.ACES.DB1519,6,6,6,14
Nigeria,NGA,Starting a business - Score,IC.REG.STRT.BUS.DFRN,78.98506,80.75473,82.96681,86.21867
Nigeria,NGA,Global: Ease of doing business score (DB17-20 methodology),IC.BUS.EASE.DFRN.XQ.DB1719,48.47451,52.02699,53.40471,56.87589
Nigeria,NGA,Enforcing contracts (DB17-20 methodology) - Score,ENF.CONT.COEN.DB1719.DFRN,57.18824,57.61417,57.90121,61.45974
Nigeria,NGA,Getting Credit total score (DB15-20 methodology),IC.CRED.ACC.ACES.DB1519,12,17,17,17
North Macedonia,MKD,Starting a business - Score,IC.REG.STRT.BUS.DFRN,88.98603,88.58416,88.59246,88.6177
North Macedonia,MKD,Global: Ease of doing business score (DB17-20 methodology),IC.BUS.EASE.DFRN.XQ.DB1719,80.5866,80.33318,80.65175,80.74807
North Macedonia,MKD,Enforcing contracts (DB17-20 methodology) - Score,ENF.CONT.COEN.DB1719.DFRN,65.33595,65.33595,65.33595,66.01086
North Macedonia,MKD,Getting Credit total score (DB15-20 methodology),IC.CRED.ACC.ACES.DB1519,16,16,16,16
Norway,NOR,Starting a business - Score,IC.REG.STRT.BUS.DFRN,94.30278,94.29879,94.31365,94.33768
Norway,NOR,Global: Ease of doing business score (DB17-20 methodology),IC.BUS.EASE.DFRN.XQ.DB1719,82.35614,82.65956,82.91579,82.62729
Norway,NOR,Enforcing contracts (DB17-20 methodology) - Score,ENF.CONT.COEN.DB1719.DFRN,75.71222,81.26778,81.26778,81.26778
Norway,NOR,Getting Credit total score (DB15-20 methodology),IC.CRED.ACC.ACES.DB1519,11,11,11,11
Oman,OMN,Starting a business - Score,IC.REG.STRT.BUS.DFRN,91.1173,93.45257,93.43323,93.46377
Oman,OMN,Global: Ease of doing business score (DB17-20 methodology),IC.BUS.EASE.DFRN.XQ.DB1719,68.05891,68.57321,68.84249,69.98474
Oman,OMN,Enforcing contracts (DB17-20 methodology) - Score,ENF.CONT.COEN.DB1719.DFRN,60.0193,61.87115,61.87115,61.87115
Oman,OMN,Getting Credit total score (DB15-20 methodology),IC.CRED.ACC.ACES.DB1519,7,7,7,7
Pakistan,PAK,Starting a business - Score,IC.REG.STRT.BUS.DFRN,75.84941,76.59632,81.88874,89.26536
Pakistan,PAK,Global: Ease of doing business score (DB17-20 methodology),IC.BUS.EASE.DFRN.XQ.DB1719,52.474,53.01708,55.45628,60.95491
Pakistan,PAK,Enforcing contracts (DB17-20 methodology) - Score,ENF.CONT.COEN.DB1719.DFRN,43.48726,43.48726,43.48726,43.48726
Pakistan,PAK,Getting Credit total score (DB15-20 methodology),IC.CRED.ACC.ACES.DB1519,9,9,9,9
Palau,PLW,Starting a business - Score,IC.REG.STRT.BUS.DFRN,81.95342,81.95951,81.94691,82.14697
Palau,PLW,Global: Ease of doing business score (DB17-20 methodology),IC.BUS.EASE.DFRN.XQ.DB1719,53.19614,53.659,53.66252,53.69982
Palau,PLW,Enforcing contracts (DB17-20 methodology) - Score,ENF.CONT.COEN.DB1719.DFRN,52.20845,52.20845,52.20845,52.20845
Palau,PLW,Getting Credit total score (DB15-20 methodology),IC.CRED.ACC.ACES.DB1519,10,10,10,10
Panama,PAN,Starting a business - Score,IC.REG.STRT.BUS.DFRN,91.91256,91.91782,91.97362,92.01289
Panama,PAN,Global: Ease of doing business score (DB17-20 methodology),IC.BUS.EASE.DFRN.XQ.DB1719,64.72195,66.46234,66.86797,66.56045
Panama,PAN,Enforcing contracts (DB17-20 methodology) - Score,ENF.CONT.COEN.DB1719.DFRN,48.96475,48.96475,48.96475,48.96475
Panama,PAN,Getting Credit total score (DB15-20 methodology),IC.CRED.ACC.ACES.DB1519,15,16,16,16
Papua New Guinea,PNG,Starting a business - Score,IC.REG.STRT.BUS.DFRN,80.5255,79.93068,79.90931,80.14744
Papua New Guinea,PNG,Global: Ease of doing business score (DB17-20 methodology),IC.BUS.EASE.DFRN.XQ.DB1719,59.33379,59.39568,59.37055,59.77357
Papua New Guinea,PNG,Enforcing contracts (DB17-20 methodology) - Score,ENF.CONT.COEN.DB1719.DFRN,36.20522,36.20522,36.20522,36.20522
Papua New Guinea,PNG,Getting Credit total score (DB15-20 methodology),IC.CRED.ACC.ACES.DB1519,14,14,14,14
Paraguay,PRY,Starting a business - Score,IC.REG.STRT.BUS.DFRN,75.24886,75.23256,75.20211,75.98235
Paraguay,PRY,Global: Ease of doing business score (DB17-20 methodology),IC.BUS.EASE.DFRN.XQ.DB1719,57.97708,58.036,58.45116,59.05401
Paraguay,PRY,Enforcing contracts (DB17-20 methodology) - Score,ENF.CONT.COEN.DB1719.DFRN,57.91762,57.91762,57.91762,61.62132
Paraguay,PRY,Getting Credit total score (DB15-20 methodology),IC.CRED.ACC.ACES.DB1519,8,8,8,8
Peru,PER,Starting a business - Score,IC.REG.STRT.BUS.DFRN,78.60077,78.58675,82.35807,82.12816
Peru,PER,Global: Ease of doing business score (DB17-20 methodology),IC.BUS.EASE.DFRN.XQ.DB1719,67.5175,67.76048,68.27159,68.69658
Peru,PER,Enforcing contracts (DB17-20 methodology) - Score,ENF.CONT.COEN.DB1719.DFRN,59.06726,59.06726,59.06726,59.06726
Peru,PER,Getting Credit total score (DB15-20 methodology),IC.CRED.ACC.ACES.DB1519,15,15,15,15
Philippines,PHL,Starting a business - Score,IC.REG.STRT.BUS.DFRN,67.62793,64.15203,69.29612,71.2777
Philippines,PHL,Global: Ease of doing business score (DB17-20 methodology),IC.BUS.EASE.DFRN.XQ.DB1719,59.25872,59.33172,60.87374,62.82943
Philippines,PHL,Enforcing contracts (DB17-20 methodology) - Score,ENF.CONT.COEN.DB1719.DFRN,45.96404,45.96404,45.96404,45.96404
Philippines,PHL,Getting Credit total score (DB15-20 methodology),IC.CRED.ACC.ACES.DB1519,8,8,8,8
Poland,POL,Starting a business - Score,IC.REG.STRT.BUS.DFRN,82.75284,82.78011,82.84801,82.90859
Poland,POL,Global: Ease of doing business score (DB17-20 methodology),IC.BUS.EASE.DFRN.XQ.DB1719,77.68044,77.85723,76.93317,76.38122
Poland,POL,Enforcing contracts (DB17-20 methodology) - Score,ENF.CONT.COEN.DB1719.DFRN,63.43736,63.43736,64.36328,64.36328
Poland,POL,Getting Credit total score (DB15-20 methodology),IC.CRED.ACC.ACES.DB1519,15,15,15,15
Portugal,PRT,Starting a business - Score,IC.REG.STRT.BUS.DFRN,90.99983,90.88303,90.89423,90.90398
Portugal,PRT,Global: Ease of doing business score (DB17-20 methodology),IC.BUS.EASE.DFRN.XQ.DB1719,76.66433,76.50889,76.44344,76.46616
Portugal,PRT,Enforcing contracts (DB17-20 methodology) - Score,ENF.CONT.COEN.DB1719.DFRN,67.90524,67.90524,67.90524,67.90524
Portugal,PRT,Getting Credit total score (DB15-20 methodology),IC.CRED.ACC.ACES.DB1519,9,9,9,9
Puerto Rico,PRI,Starting a business - Score,IC.REG.STRT.BUS.DFRN,91.22758,91.28555,91.2286,91.24406
Puerto Rico,PRI,Global: Ease of doing business score (DB17-20 methodology),IC.BUS.EASE.DFRN.XQ.DB1719,69.28139,69.82224,70.01875,70.06962
Puerto Rico,PRI,Enforcing contracts (DB17-20 methodology) - Score,ENF.CONT.COEN.DB1719.DFRN,54.40911,54.40911,61.81652,61.81652
Puerto Rico,PRI,Getting Credit total score (DB15-20 methodology),IC.CRED.ACC.ACES.DB1519,18,19,19,19
Qatar,QAT,Starting a business - Score,IC.REG.STRT.BUS.DFRN,84.3886,84.33029,85.99917,86.05271
Qatar,QAT,Global: Ease of doing business score (DB17-20 methodology),IC.BUS.EASE.DFRN.XQ.DB1719,65.41549,66.02767,66.70677,68.66573
Qatar,QAT,Enforcing contracts (DB17-20 methodology) - Score,ENF.CONT.COEN.DB1719.DFRN,54.64343,54.64343,54.64343,54.64343
Qatar,QAT,Getting Credit total score (DB15-20 methodology),IC.CRED.ACC.ACES.DB1519,6,7,8,9
Romania,ROU,Starting a business - Score,IC.REG.STRT.BUS.DFRN,89.47688,89.6734,83.9046,87.68068
Romania,ROU,Global: Ease of doing business score (DB17-20 methodology),IC.BUS.EASE.DFRN.XQ.DB1719,72.85135,73.04132,72.51292,73.3332
Romania,ROU,Enforcing contracts (DB17-20 methodology) - Score,ENF.CONT.COEN.DB1719.DFRN,72.24591,72.24591,72.24591,72.24591
Romania,ROU,Getting Credit total score (DB15-20 methodology),IC.CRED.ACC.ACES.DB1519,16,16,16,16
Russian Federation,RUS,Starting a business - Score,IC.REG.STRT.BUS.DFRN,93.02453,93.0335,93.04291,93.05734
Russian Federation,RUS,Global: Ease of doing business score (DB17-20 methodology),IC.BUS.EASE.DFRN.XQ.DB1719,75.25999,76.54336,77.40044,78.16284
Russian Federation,RUS,Enforcing contracts (DB17-20 methodology) - Score,ENF.CONT.COEN.DB1719.DFRN,72.18107,72.18107,72.18107,72.18107
Russian Federation,RUS,Getting Credit total score (DB15-20 methodology),IC.CRED.ACC.ACES.DB1519,14,16,16,16
Rwanda,RWA,Starting a business - Score,IC.REG.STRT.BUS.DFRN,87.1705,87.66268,90.15385,93.23825
Rwanda,RWA,Global: Ease of doing business score (DB17-20 methodology),IC.BUS.EASE.DFRN.XQ.DB1719,68.97118,71.07347,75.37431,76.48282
Rwanda,RWA,Enforcing contracts (DB17-20 methodology) - Score,ENF.CONT.COEN.DB1719.DFRN,63.28833,65.14018,68.84389,69.10635
Rwanda,RWA,Getting Credit total score (DB15-20 methodology),IC.CRED.ACC.ACES.DB1519,18,18,19,19
Samoa,WSM,Starting a business - Score,IC.REG.STRT.BUS.DFRN,92.49081,92.53965,92.5586,92.59108
Samoa,WSM,Global: Ease of doing business score (DB17-20 methodology),IC.BUS.EASE.DFRN.XQ.DB1719,60.03645,62.05797,62.06781,62.07404
Samoa,WSM,Enforcing contracts (DB17-20 methodology) - Score,ENF.CONT.COEN.DB1719.DFRN,58.58749,58.58749,58.58749,58.58749
Samoa,WSM,Getting Credit total score (DB15-20 methodology),IC.CRED.ACC.ACES.DB1519,5,9,9,9
San Marino,SMR,Starting a business - Score,IC.REG.STRT.BUS.DFRN,83.75042,83.64986,83.70622,87.311
San Marino,SMR,Global: Ease of doing business score (DB17-20 methodology),IC.BUS.EASE.DFRN.XQ.DB1719,61.93725,61.8841,64.15819,64.19133
San Marino,SMR,Enforcing contracts (DB17-20 methodology) - Score,ENF.CONT.COEN.DB1719.DFRN,59.2458,59.2458,59.2458,59.2458
San Marino,SMR,Getting Credit total score (DB15-20 methodology),IC.CRED.ACC.ACES.DB1519,1,1,6,6
São Tomé and Principe,STP,Starting a business - Score,IC.REG.STRT.BUS.DFRN,75.27518,77.33392,78.32302,78.24383
São Tomé and Principe,STP,Global: Ease of doing business score (DB17-20 methodology),IC.BUS.EASE.DFRN.XQ.DB1719,44.2853,44.67002,44.97215,44.9711
São Tomé and Principe,STP,Enforcing contracts (DB17-20 methodology) - Score,ENF.CONT.COEN.DB1719.DFRN,30.28269,27.004,28.84127,28.84127
São Tomé and Principe,STP,Getting Credit total score (DB15-20 methodology),IC.CRED.ACC.ACES.DB1519,5,5,5,5
Saudi Arabia,SAU,Starting a business - Score,IC.REG.STRT.BUS.DFRN,75.36175,80.04411,80.0684,93.13547
Saudi Arabia,SAU,Global: Ease of doing business score (DB17-20 methodology),IC.BUS.EASE.DFRN.XQ.DB1719,59.44422,62.08336,63.84761,71.55722
Saudi Arabia,SAU,Enforcing contracts (DB17-20 methodology) - Score,ENF.CONT.COEN.DB1719.DFRN,56.92422,60.62792,63.4057,65.25755
Saudi Arabia,SAU,Getting Credit total score (DB15-20 methodology),IC.CRED.ACC.ACES.DB1519,9,9,9,12
Senegal,SEN,Starting a business - Score,IC.REG.STRT.BUS.DFRN,86.06991,89.69508,89.94317,91.18542
Senegal,SEN,Global: Ease of doing business score (DB17-20 methodology),IC.BUS.EASE.DFRN.XQ.DB1719,50.27484,54.01704,54.37982,59.275
Senegal,SEN,Enforcing contracts (DB17-20 methodology) - Score,ENF.CONT.COEN.DB1719.DFRN,43.09837,48.15301,48.15301,50.61203
Senegal,SEN,Getting Credit total score (DB15-20 methodology),IC.CRED.ACC.ACES.DB1519,6,6,6,13
Serbia,SRB,Starting a business - Score,IC.REG.STRT.BUS.DFRN,91.7987,92.57403,92.58872,89.25431
Serbia,SRB,Global: Ease of doing business score (DB17-20 methodology),IC.BUS.EASE.DFRN.XQ.DB1719,73.27635,73.75306,73.92341,75.65345
Serbia,SRB,Enforcing contracts (DB17-20 methodology) - Score,ENF.CONT.COEN.DB1719.DFRN,61.40911,61.85905,61.85905,63.14017
Serbia,SRB,Getting Credit total score (DB15-20 methodology),IC.CRED.ACC.ACES.DB1519,13,13,13,13
Seychelles,SYC,Starting a business - Score,IC.REG.STRT.BUS.DFRN,78.64381,78.6756,78.65065,78.75501
Seychelles,SYC,Global: Ease of doing business score (DB17-20 methodology),IC.BUS.EASE.DFRN.XQ.DB1719,60.50169,61.51062,61.50211,61.70497
Seychelles,SYC,Enforcing contracts (DB17-20 methodology) - Score,ENF.CONT.COEN.DB1719.DFRN,51.24561,51.24561,51.24561,51.24561
Seychelles,SYC,Getting Credit total score (DB15-20 methodology),IC.CRED.ACC.ACES.DB1519,7,7,7,7
Sierra Leone,SLE,Starting a business - Score,IC.REG.STRT.BUS.DFRN,91.15237,90.94038,91.18307,91.28746
Sierra Leone,SLE,Global: Ease of doing business score (DB17-20 methodology),IC.BUS.EASE.DFRN.XQ.DB1719,47.21918,47.08868,47.24268,47.45831
Sierra Leone,SLE,Enforcing contracts (DB17-20 methodology) - Score,ENF.CONT.COEN.DB1719.DFRN,55.91598,55.91598,55.91598,55.91598
Sierra Leone,SLE,Getting Credit total score (DB15-20 methodology),IC.CRED.ACC.ACES.DB1519,5,5,5,5
Singapore,SGP,Starting a business - Score,IC.REG.STRT.BUS.DFRN,96.48685,96.48836,98.22693,98.22968
Singapore,SGP,Global: Ease of doing business score (DB17-20 methodology),IC.BUS.EASE.DFRN.XQ.DB1719,85.44138,85.57215,85.84348,86.1981
Singapore,SGP,Enforcing contracts (DB17-20 methodology) - Score,ENF.CONT.COEN.DB1719.DFRN,83.60596,83.60596,84.53189,84.53189
Singapore,SGP,Getting Credit total score (DB15-20 methodology),IC.CRED.ACC.ACES.DB1519,15,15,15,15
Slovak Republic,SVK,Starting a business - Score,IC.REG.STRT.BUS.DFRN,81.91868,81.96269,82.01841,84.81288
Slovak Republic,SVK,Global: Ease of doing business score (DB17-20 methodology),IC.BUS.EASE.DFRN.XQ.DB1719,75.03118,75.15124,75.445,75.58542
Slovak Republic,SVK,Enforcing contracts (DB17-20 methodology) - Score,ENF.CONT.COEN.DB1719.DFRN,58.70571,64.2696,66.12145,66.12145
Slovak Republic,SVK,Getting Credit total score (DB15-20 methodology),IC.CRED.ACC.ACES.DB1519,14,14,14,14
Slovenia,SVN,Starting a business - Score,IC.REG.STRT.BUS.DFRN,94.61308,94.67471,92.87697,93.03083
Slovenia,SVN,Global: Ease of doing business score (DB17-20 methodology),IC.BUS.EASE.DFRN.XQ.DB1719,75.41048,76.39486,76.4142,76.51751
Slovenia,SVN,Enforcing contracts (DB17-20 methodology) - Score,ENF.CONT.COEN.DB1719.DFRN,52.9714,52.9714,54.82325,54.82325
Slovenia,SVN,Getting Credit total score (DB15-20 methodology),IC.CRED.ACC.ACES.DB1519,7,9,9,9
Solomon Islands,SLB,Starting a business - Score,IC.REG.STRT.BUS.DFRN,85.4802,85.42222,85.52284,85.61679
Solomon Islands,SLB,Global: Ease of doing business score (DB17-20 methodology),IC.BUS.EASE.DFRN.XQ.DB1719,55.11571,54.87857,55.20356,55.26279
Solomon Islands,SLB,Enforcing contracts (DB17-20 methodology) - Score,ENF.CONT.COEN.DB1719.DFRN,43.48648,43.48648,43.48648,43.48648
Solomon Islands,SLB,Getting Credit total score (DB15-20 methodology),IC.CRED.ACC.ACES.DB1519,10,10,10,10
Somalia,SOM,Starting a business - Score,IC.REG.STRT.BUS.DFRN,48.71416,45.77298,46.36714,45.99665
Somalia,SOM,Global: Ease of doing business score (DB17-20 methodology),IC.BUS.EASE.DFRN.XQ.DB1719,20.28589,19.9777,20.04146,20.03958
Somalia,SOM,Enforcing contracts (DB17-20 methodology) - Score,ENF.CONT.COEN.DB1719.DFRN,54.5818,54.5818,54.5818,54.5818
Somalia,SOM,Getting Credit total score (DB15-20 methodology),IC.CRED.ACC.ACES.DB1519,0,0,0,0
South Africa,ZAF,Starting a business - Score,IC.REG.STRT.BUS.DFRN,79.96457,79.96646,81.22425,81.22483
South Africa,ZAF,Global: Ease of doing business score (DB17-20 methodology),IC.BUS.EASE.DFRN.XQ.DB1719,65.40686,65.32778,66.69548,67.01897
South Africa,ZAF,Enforcing contracts (DB17-20 methodology) - Score,ENF.CONT.COEN.DB1719.DFRN,54.10393,54.10393,54.10393,56.8817
South Africa,ZAF,Getting Credit total score (DB15-20 methodology),IC.CRED.ACC.ACES.DB1519,12,12,12,12
South Sudan,SSD,Starting a business - Score,IC.REG.STRT.BUS.DFRN,53.96098,55.68283,65.3631,71.0063
South Sudan,SSD,Global: Ease of doing business score (DB17-20 methodology),IC.BUS.EASE.DFRN.XQ.DB1719,32.69356,31.64063,33.64187,34.62285
South Sudan,SSD,Enforcing contracts (DB17-20 methodology) - Score,ENF.CONT.COEN.DB1719.DFRN,58.98623,58.98623,58.98623,58.98623
South Sudan,SSD,Getting Credit total score (DB15-20 methodology),IC.CRED.ACC.ACES.DB1519,2,2,2,2
Spain,ESP,Starting a business - Score,IC.REG.STRT.BUS.DFRN,86.69787,86.7367,86.91036,86.94991
Spain,ESP,Global: Ease of doing business score (DB17-20 methodology),IC.BUS.EASE.DFRN.XQ.DB1719,77.63075,77.62772,77.69995,77.93588
Spain,ESP,Enforcing contracts (DB17-20 methodology) - Score,ENF.CONT.COEN.DB1719.DFRN,70.40809,70.89553,70.89553,70.89553
Spain,ESP,Getting Credit total score (DB15-20 methodology),IC.CRED.ACC.ACES.DB1519,12,12,12,12
Sri Lanka,LKA,Starting a business - Score,IC.REG.STRT.BUS.DFRN,87.5199,87.73996,87.86865,88.20442
Sri Lanka,LKA,Global: Ease of doing business score (DB17-20 methodology),IC.BUS.EASE.DFRN.XQ.DB1719,59.82373,59.95122,61.75867,61.80614
Sri Lanka,LKA,Enforcing contracts (DB17-20 methodology) - Score,ENF.CONT.COEN.DB1719.DFRN,39.31188,39.31188,41.16373,41.16373
Sri Lanka,LKA,Getting Credit total score (DB15-20 methodology),IC.CRED.ACC.ACES.DB1519,8,8,8,8
St. Kitts and Nevis,KNA,Starting a business - Score,IC.REG.STRT.BUS.DFRN,85.75025,85.75708,85.77593,85.8768
St. Kitts and Nevis,KNA,Global: Ease of doing business score (DB17-20 methodology),IC.BUS.EASE.DFRN.XQ.DB1719,54.42189,54.60143,54.60701,54.63689
St. Kitts and Nevis,KNA,Enforcing contracts (DB17-20 methodology) - Score,ENF.CONT.COEN.DB1719.DFRN,65.51304,65.51304,65.51304,65.51304
St. Kitts and Nevis,KNA,Getting Credit total score (DB15-20 methodology),IC.CRED.ACC.ACES.DB1519,5,5,5,5
St. Lucia,LCA,Starting a business - Score,IC.REG.STRT.BUS.DFRN,88.79895,88.79385,89.17957,89.35397
St. Lucia,LCA,Global: Ease of doing business score (DB17-20 methodology),IC.BUS.EASE.DFRN.XQ.DB1719,63.47845,63.57439,63.62984,63.6504
St. Lucia,LCA,Enforcing contracts (DB17-20 methodology) - Score,ENF.CONT.COEN.DB1719.DFRN,59.67044,59.67044,59.67044,59.67044
St. Lucia,LCA,Getting Credit total score (DB15-20 methodology),IC.CRED.ACC.ACES.DB1519,5,5,5,5
St. Vincent and the Grenadines,VCT,Starting a business - Score,IC.REG.STRT.BUS.DFRN,86.77817,86.81835,86.86974,87.0498
St. Vincent and the Grenadines,VCT,Global: Ease of doing business score (DB17-20 methodology),IC.BUS.EASE.DFRN.XQ.DB1719,56.96928,56.97521,56.98254,57.0869
St. Vincent and the Grenadines,VCT,Enforcing contracts (DB17-20 methodology) - Score,ENF.CONT.COEN.DB1719.DFRN,63.66124,63.66124,63.66124,63.66124
St. Vincent and the Grenadines,VCT,Getting Credit total score (DB15-20 methodology),IC.CRED.ACC.ACES.DB1519,5,5,5,5
Sudan,SDN,Starting a business - Score,IC.REG.STRT.BUS.DFRN,73.16862,73.50577,76.3468,76.72868
Sudan,SDN,Global: Ease of doing business score (DB17-20 methodology),IC.BUS.EASE.DFRN.XQ.DB1719,44.82494,45.00301,48.01814,44.82932
Sudan,SDN,Enforcing contracts (DB17-20 methodology) - Score,ENF.CONT.COEN.DB1719.DFRN,46.90911,46.90911,47.83504,47.83504
Sudan,SDN,Getting Credit total score (DB15-20 methodology),IC.CRED.ACC.ACES.DB1519,3,3,5,3
Suriname,SUR,Starting a business - Score,IC.REG.STRT.BUS.DFRN,61.18742,61.50443,61.5734,61.56486
Suriname,SUR,Global: Ease of doing business score (DB17-20 methodology),IC.BUS.EASE.DFRN.XQ.DB1719,47.39893,47.40665,47.43149,47.46427
Suriname,SUR,Enforcing contracts (DB17-20 methodology) - Score,ENF.CONT.COEN.DB1719.DFRN,25.94155,25.94155,25.94155,25.94155
Suriname,SUR,Getting Credit total score (DB15-20 methodology),IC.CRED.ACC.ACES.DB1519,2,2,2,2
Sweden,SWE,Starting a business - Score,IC.REG.STRT.BUS.DFRN,94.64027,94.66886,93.08984,93.11173
Sweden,SWE,Global: Ease of doing business score (DB17-20 methodology),IC.BUS.EASE.DFRN.XQ.DB1719,82.15071,82.17491,82.01848,81.99155
Sweden,SWE,Enforcing contracts (DB17-20 methodology) - Score,ENF.CONT.COEN.DB1719.DFRN,67.60978,67.60978,67.60978,67.60978
Sweden,SWE,Getting Credit total score (DB15-20 methodology),IC.CRED.ACC.ACES.DB1519,12,12,12,12
Switzerland,CHE,Starting a business - Score,IC.REG.STRT.BUS.DFRN,88.3911,88.38343,88.41443,88.44104
Switzerland,CHE,Global: Ease of doing business score (DB17-20 methodology),IC.BUS.EASE.DFRN.XQ.DB1719,76.42092,76.60784,76.61632,76.61864
Switzerland,CHE,Enforcing contracts (DB17-20 methodology) - Score,ENF.CONT.COEN.DB1719.DFRN,62.23777,64.08962,64.08962,64.08962
Switzerland,CHE,Getting Credit total score (DB15-20 methodology),IC.CRED.ACC.ACES.DB1519,13,13,13,13
Syrian Arab Republic,SYR,Starting a business - Score,IC.REG.STRT.BUS.DFRN,78.93086,80.43202,80.9916,80.13513
Syrian Arab Republic,SYR,Global: Ease of doing business score (DB17-20 methodology),IC.BUS.EASE.DFRN.XQ.DB1719,41.37479,41.44563,41.47442,41.96812
Syrian Arab Republic,SYR,Enforcing contracts (DB17-20 methodology) - Score,ENF.CONT.COEN.DB1719.DFRN,42.57899,42.57899,42.57899,42.57899
Syrian Arab Republic,SYR,Getting Credit total score (DB15-20 methodology),IC.CRED.ACC.ACES.DB1519,3,3,3,3
"Taiwan, China",TWN,Starting a business - Score,IC.REG.STRT.BUS.DFRN,94.41546,94.42809,94.43025,94.43857
"Taiwan, China",TWN,Global: Ease of doing business score (DB17-20 methodology),IC.BUS.EASE.DFRN.XQ.DB1719,80.31975,80.72856,80.99657,80.92023
"Taiwan, China",TWN,Enforcing contracts (DB17-20 methodology) - Score,ENF.CONT.COEN.DB1719.DFRN,73.26086,75.11271,75.11271,75.11271
"Taiwan, China",TWN,Getting Credit total score (DB15-20 methodology),IC.CRED.ACC.ACES.DB1519,10,10,10,10
Tajikistan,TJK,Starting a business - Score,IC.REG.STRT.BUS.DFRN,86.86283,90.78648,90.95102,93.23502
Tajikistan,TJK,Global: Ease of doing business score (DB17-20 methodology),IC.BUS.EASE.DFRN.XQ.DB1719,53.43689,54.34213,55.38718,61.26761
Tajikistan,TJK,Enforcing contracts (DB17-20 methodology) - Score,ENF.CONT.COEN.DB1719.DFRN,60.70995,60.70995,60.70995,60.70995
Tajikistan,TJK,Getting Credit total score (DB15-20 methodology),IC.CRED.ACC.ACES.DB1519,8,8,8,18
Tanzania,TZA,Starting a business - Score,IC.REG.STRT.BUS.DFRN,71.3842,72.12361,74.28037,74.39872
Tanzania,TZA,Global: Ease of doing business score (DB17-20 methodology),IC.BUS.EASE.DFRN.XQ.DB1719,53.86676,53.98306,54.28952,54.46329
Tanzania,TZA,Enforcing contracts (DB17-20 methodology) - Score,ENF.CONT.COEN.DB1719.DFRN,61.66109,61.66109,61.66109,61.66109
Tanzania,TZA,Getting Credit total score (DB15-20 methodology),IC.CRED.ACC.ACES.DB1519,13,13,13,13
Thailand,THA,Starting a business - Score,IC.REG.STRT.BUS.DFRN,84.66279,91.96603,92.34405,92.36266
Thailand,THA,Global: Ease of doing business score (DB17-20 methodology),IC.BUS.EASE.DFRN.XQ.DB1719,72.79843,78.45338,79.51709,80.09233
Thailand,THA,Enforcing contracts (DB17-20 methodology) - Score,ENF.CONT.COEN.DB1719.DFRN,65.51317,67.91147,67.91147,67.91147
Thailand,THA,Getting Credit total score (DB15-20 methodology),IC.CRED.ACC.ACES.DB1519,10,14,14,14
Timor-Leste,TLS,Starting a business - Score,IC.REG.STRT.BUS.DFRN,74.40625,72.64998,89.41265,89.40581
Timor-Leste,TLS,Global: Ease of doing business score (DB17-20 methodology),IC.BUS.EASE.DFRN.XQ.DB1719,38.17997,37.98983,39.69791,39.36487
Timor-Leste,TLS,Enforcing contracts (DB17-20 methodology) - Score,ENF.CONT.COEN.DB1719.DFRN,6.13236,6.13236,6.13236,6.13236
Timor-Leste,TLS,Getting Credit total score (DB15-20 methodology),IC.CRED.ACC.ACES.DB1519,4,4,4,4
Togo,TGO,Starting a business - Score,IC.REG.STRT.BUS.DFRN,81.7134,82.51219,88.70477,95.13053
Togo,TGO,Global: Ease of doing business score (DB17-20 methodology),IC.BUS.EASE.DFRN.XQ.DB1719,48.10323,48.7524,55.26888,62.28934
Togo,TGO,Enforcing contracts (DB17-20 methodology) - Score,ENF.CONT.COEN.DB1719.DFRN,48.0985,48.0985,49.02443,49.02443
Togo,TGO,Getting Credit total score (DB15-20 methodology),IC.CRED.ACC.ACES.DB1519,6,6,6,14
Tonga,TON,Starting a business - Score,IC.REG.STRT.BUS.DFRN,90.84718,90.80805,90.87623,90.9485
Tonga,TON,Global: Ease of doing business score (DB17-20 methodology),IC.BUS.EASE.DFRN.XQ.DB1719,61.14383,61.57496,61.65064,61.38921
Tonga,TON,Enforcing contracts (DB17-20 methodology) - Score,ENF.CONT.COEN.DB1719.DFRN,57.31727,57.31727,57.31727,57.31727
Tonga,TON,Getting Credit total score (DB15-20 methodology),IC.CRED.ACC.ACES.DB1519,13,14,14,14
Trinidad and Tobago,TTO,Starting a business - Score,IC.REG.STRT.BUS.DFRN,88.58639,88.5654,88.57161,88.57794
Trinidad and Tobago,TTO,Global: Ease of doing business score (DB17-20 methodology),IC.BUS.EASE.DFRN.XQ.DB1719,61.34535,61.15191,61.03242,61.29128
Trinidad and Tobago,TTO,Enforcing contracts (DB17-20 methodology) - Score,ENF.CONT.COEN.DB1719.DFRN,35.62471,35.62471,35.62471,35.62471
Trinidad and Tobago,TTO,Getting Credit total score (DB15-20 methodology),IC.CRED.ACC.ACES.DB1519,13,13,13,13
Tunisia,TUN,Starting a business - Score,IC.REG.STRT.BUS.DFRN,81.56785,81.58022,88.50569,94.56389
Tunisia,TUN,Global: Ease of doing business score (DB17-20 methodology),IC.BUS.EASE.DFRN.XQ.DB1719,65.54085,65.29842,67.22278,68.65706
Tunisia,TUN,Enforcing contracts (DB17-20 methodology) - Score,ENF.CONT.COEN.DB1719.DFRN,58.40875,58.40875,58.40875,58.40875
Tunisia,TUN,Getting Credit total score (DB15-20 methodology),IC.CRED.ACC.ACES.DB1519,10,10,10,10
Turkey,TUR,Starting a business - Score,IC.REG.STRT.BUS.DFRN,81.01959,81.90634,88.21358,88.78889
Turkey,TUR,Global: Ease of doing business score (DB17-20 methodology),IC.BUS.EASE.DFRN.XQ.DB1719,69.37882,70.9145,75.25248,76.79104
Turkey,TUR,Enforcing contracts (DB17-20 methodology) - Score,ENF.CONT.COEN.DB1719.DFRN,68.08125,69.9331,71.78495,71.40244
Turkey,TUR,Getting Credit total score (DB15-20 methodology),IC.CRED.ACC.ACES.DB1519,9,11,15,15
Uganda,UGA,Starting a business - Score,IC.REG.STRT.BUS.DFRN,70.18756,71.12029,71.11619,71.38371
Uganda,UGA,Global: Ease of doing business score (DB17-20 methodology),IC.BUS.EASE.DFRN.XQ.DB1719,57.28983,57.87464,58.38634,59.9818
Uganda,UGA,Enforcing contracts (DB17-20 methodology) - Score,ENF.CONT.COEN.DB1719.DFRN,60.59958,60.59958,60.59958,60.59958
Uganda,UGA,Getting Credit total score (DB15-20 methodology),IC.CRED.ACC.ACES.DB1519,12,12,12,12
Ukraine,UKR,Starting a business - Score,IC.REG.STRT.BUS.DFRN,91.02556,91.04564,91.06757,91.07639
Ukraine,UKR,Global: Ease of doing business score (DB17-20 methodology),IC.BUS.EASE.DFRN.XQ.DB1719,65.41773,68.08579,69.07387,70.2106
Ukraine,UKR,Enforcing contracts (DB17-20 methodology) - Score,ENF.CONT.COEN.DB1719.DFRN,58.96132,58.96132,63.59095,63.59095
Ukraine,UKR,Getting Credit total score (DB15-20 methodology),IC.CRED.ACC.ACES.DB1519,15,15,15,15
United Arab Emirates,ARE,Starting a business - Score,IC.REG.STRT.BUS.DFRN,91.21255,91.16176,94.06359,94.76119
United Arab Emirates,ARE,Global: Ease of doing business score (DB17-20 methodology),IC.BUS.EASE.DFRN.XQ.DB1719,77.43435,79.30036,81.58883,80.91489
United Arab Emirates,ARE,Enforcing contracts (DB17-20 methodology) - Score,ENF.CONT.COEN.DB1719.DFRN,75.87629,75.87629,75.87629,75.87629
United Arab Emirates,ARE,Getting Credit total score (DB15-20 methodology),IC.CRED.ACC.ACES.DB1519,9,10,14,14
United Kingdom,GBR,Starting a business - Score,IC.REG.STRT.BUS.DFRN,94.57654,94.57807,94.57827,94.57844
United Kingdom,GBR,Global: Ease of doing business score (DB17-20 methodology),IC.BUS.EASE.DFRN.XQ.DB1719,83.34108,83.21535,83.55123,83.54968
United Kingdom,GBR,Enforcing contracts (DB17-20 methodology) - Score,ENF.CONT.COEN.DB1719.DFRN,68.68538,68.68538,68.68538,68.68538
United Kingdom,GBR,Getting Credit total score (DB15-20 methodology),IC.CRED.ACC.ACES.DB1519,15,15,15,15
United States,USA,Starting a business - Score,IC.REG.STRT.BUS.DFRN,91.22612,91.22993,91.23483,91.59317
United States,USA,Global: Ease of doing business score (DB17-20 methodology),IC.BUS.EASE.DFRN.XQ.DB1719,83.58991,83.59008,83.57395,83.99668
United States,USA,Enforcing contracts (DB17-20 methodology) - Score,ENF.CONT.COEN.DB1719.DFRN,71.95619,71.95619,71.95619,73.43767
United States,USA,Getting Credit total score (DB15-20 methodology),IC.CRED.ACC.ACES.DB1519,19,19,19,19
Uruguay,URY,Starting a business - Score,IC.REG.STRT.BUS.DFRN,89.79323,89.79705,89.77999,89.59999
Uruguay,URY,Global: Ease of doing business score (DB17-20 methodology),IC.BUS.EASE.DFRN.XQ.DB1719,60.68692,61.031,61.36826,61.53994
Uruguay,URY,Enforcing contracts (DB17-20 methodology) - Score,ENF.CONT.COEN.DB1719.DFRN,56.29001,56.29001,56.29001,56.29001
Uruguay,URY,Getting Credit total score (DB15-20 methodology),IC.CRED.ACC.ACES.DB1519,12,12,12,12
Uzbekistan,UZB,Starting a business - Score,IC.REG.STRT.BUS.DFRN,93.92766,95.53613,96.04325,96.15839
Uzbekistan,UZB,Global: Ease of doing business score (DB17-20 methodology),IC.BUS.EASE.DFRN.XQ.DB1719,62.09399,66.61398,67.75199,69.87898
Uzbekistan,UZB,Enforcing contracts (DB17-20 methodology) - Score,ENF.CONT.COEN.DB1719.DFRN,68.18581,68.18581,68.18581,71.88951
Uzbekistan,UZB,Getting Credit total score (DB15-20 methodology),IC.CRED.ACC.ACES.DB1519,13,13,13,13
Vanuatu,VUT,Starting a business - Score,IC.REG.STRT.BUS.DFRN,81.23641,81.23297,81.52392,81.47285
Vanuatu,VUT,Global: Ease of doing business score (DB17-20 methodology),IC.BUS.EASE.DFRN.XQ.DB1719,60.9024,60.92111,60.72518,61.05191
Vanuatu,VUT,Enforcing contracts (DB17-20 methodology) - Score,ENF.CONT.COEN.DB1719.DFRN,49.27388,49.27388,49.27388,49.27388
Vanuatu,VUT,Getting Credit total score (DB15-20 methodology),IC.CRED.ACC.ACES.DB1519,15,15,15,15
"Venezuela, RB",VEN,Starting a business - Score,IC.REG.STRT.BUS.DFRN,32.89572,25,25,25
"Venezuela, RB",VEN,Global: Ease of doing business score (DB17-20 methodology),IC.BUS.EASE.DFRN.XQ.DB1719,31.12013,30.03484,32.14349,30.23634
"Venezuela, RB",VEN,Enforcing contracts (DB17-20 methodology) - Score,ENF.CONT.COEN.DB1719.DFRN,46.88823,46.88823,46.88823,46.88823
"Venezuela, RB",VEN,Getting Credit total score (DB15-20 methodology),IC.CRED.ACC.ACES.DB1519,8,8,8,8
Vietnam,VNM,Starting a business - Score,IC.REG.STRT.BUS.DFRN,81.76054,82.02063,84.79815,85.11464
Vietnam,VNM,Global: Ease of doing business score (DB17-20 methodology),IC.BUS.EASE.DFRN.XQ.DB1719,65.28861,66.9796,68.56869,69.76594
Vietnam,VNM,Enforcing contracts (DB17-20 methodology) - Score,ENF.CONT.COEN.DB1719.DFRN,59.29136,60.21728,62.06914,62.06914
Vietnam,VNM,Getting Credit total score (DB15-20 methodology),IC.CRED.ACC.ACES.DB1519,14,15,15,16
West Bank and Gaza,PSE,Starting a business - Score,IC.REG.STRT.BUS.DFRN,69.37414,69.60319,69.37169,70.19032
West Bank and Gaza,PSE,Global: Ease of doing business score (DB17-20 methodology),IC.BUS.EASE.DFRN.XQ.DB1719,55.48372,59.27638,59.66608,59.97873
West Bank and Gaza,PSE,Enforcing contracts (DB17-20 methodology) - Score,ENF.CONT.COEN.DB1719.DFRN,52.51243,52.51243,52.51243,52.51243
West Bank and Gaza,PSE,Getting Credit total score (DB15-20 methodology),IC.CRED.ACC.ACES.DB1519,8,16,16,16
"Yemen, Rep.",YEM,Starting a business - Score,IC.REG.STRT.BUS.DFRN,71.58552,72.6781,67.00649,76.84221
"Yemen, Rep.",YEM,Global: Ease of doing business score (DB17-20 methodology),IC.BUS.EASE.DFRN.XQ.DB1719,31.20833,31.26677,30.67289,31.76299
"Yemen, Rep.",YEM,Enforcing contracts (DB17-20 methodology) - Score,ENF.CONT.COEN.DB1719.DFRN,48.51871,48.51871,48.51871,48.51871
"Yemen, Rep.",YEM,Getting Credit total score (DB15-20 methodology),IC.CRED.ACC.ACES.DB1519,0,0,0,0
Zambia,ZMB,Starting a business - Score,IC.REG.STRT.BUS.DFRN,84.83171,84.88595,85.06917,84.91265
Zambia,ZMB,Global: Ease of doing business score (DB17-20 methodology),IC.BUS.EASE.DFRN.XQ.DB1719,60.25434,64.23311,65.7117,66.93648
Zambia,ZMB,Enforcing contracts (DB17-20 methodology) - Score,ENF.CONT.COEN.DB1719.DFRN,49.88929,51.74114,50.81521,50.81521
Zambia,ZMB,Getting Credit total score (DB15-20 methodology),IC.CRED.ACC.ACES.DB1519,15,19,19,19
Zimbabwe,ZWE,Starting a business - Score,IC.REG.STRT.BUS.DFRN,48.83572,59.27935,66.47833,72.00298
Zimbabwe,ZWE,Global: Ease of doing business score (DB17-20 methodology),IC.BUS.EASE.DFRN.XQ.DB1719,47.79435,48.58986,50.50998,54.46935
Zimbabwe,ZWE,Enforcing contracts (DB17-20 methodology) - Score,ENF.CONT.COEN.DB1719.DFRN,38.73317,38.73317,39.6591,39.6591
Zimbabwe,ZWE,Getting Credit total score (DB15-20 methodology),IC.CRED.ACC.ACES.DB1519,10,9,11,13
